ticker,name,sector,industry,price,market_cap_cr,pe,pb,roe_pct,roce_pct,debt_to_equity,op_margin_pct,net_margin_pct,revenue_growth_pct,earnings_growth_pct,revenue_cagr_3y_pct,fcf_yield_pct,dividend_yield_pct,pct_from_52w_high,return_12m_pct,summary
ADANIENT.NS,Adani Enterprises Limited,Energy,Thermal Coal,2839.7,384416.612352,45.764706,4.5360374,14.232666402113015,9.826709116124725,1.1956,9.395000000000001,6.546,49.91885689306594,-231.06537284095657,-7.670321975732774,,0.05,-12.489984591679516,9.454048,"Adani Enterprises Limited, together with its subsidiaries, operates in the new energy ecosystem, data center, airports, roads, copper and PVC, and other sectors in India and internationally. It operates through the Integrated Resources Management (IRM), Mining Services, Commercial Mining, New Energy Ecosystem, Airport, Road, copper, and Others segments. The company engages in the integrated ecosystem for manufacturing green hydrogen, including solar cells, modules, and wind turbine generators; construction, operation, and maintenance of airports and road assets; commercial mining activities; supply of bunker fuels to shipping vessels; manufacture and supply of defense equipment; copper cathodes and cast rods; digital labs; and copper smelting and refinery, as well metals manufacturing. It also provides procurement and logistics services for minerals, as well as mining services. In addition, the company is involved in the sourcing, storage, and marketing of apples, grapes, pomegranates, stone fruits, digital mandi, and frozen peas; wastewater treatment, recycling, reuse projects; the operation of a news network; and Infrastructure Development and Water Resource Management. Further, it holds a portfolio of small arms, ammunition, unmanned aerial vehicles, counter-drone systems, missiles, and aircraft services. It also provides education, training and skill development. The company has strategic alliance with Jabil Inc. to build AI data center infrastructure platform in India. Adani Enterprises Limited was formerly known as Adani Exports Ltd. and changed its name to Adani Enterprises Limited in September 2006. The company was founded in 1988 and is headquartered in Ahmedabad, India."
ADANIPORTS.NS,Adani Ports and Special Economic Zone Limited,Industrials,Marine Shipping,1757.3,404874.723328,29.993174,4.2192583,16.153070474150937,10.969888662878187,0.64051,44.629999999999995,32.431,18.569296548157265,9.226178803411589,22.929311868949952,,0.43,-7.075247210618151,24.084258,"Adani Ports and Special Economic Zone Limited, together with its subsidiaries, develops, operates, and maintains port infrastructure in India and internationally. The company is involved in the operation of ports and terminals, including bulk and break bulk, container, liquid, dry bulk, general, LPG/LNG, and crude cargo; terminal and ports related infrastructure development activities; and development of infrastructure at contiguous Special Economic Zone at Mundra. It also offers logistic services, which include logistic parks, container rail and bulk cargo logistic solutions, and warehousing, as well as auto, road, and agri logistic services. In addition, the company operates a fleet of dredging and reclamation service equipment comprising cutter suction, trailing suction hopper, water injection, grab, and specialized dredgers; split hopper, flat top, and jack up barges; and multi utility craft, survey vessels, floating crane, drag flow unit, and floating booster, as well as dozers, excavators, loaders, and other equipment. Further, it provides non-scheduled passenger airline services; hospital and related services; and marine services, such as pilotage, laying, mooring of vessels at berth and mid-stream, and maintenance of buoys. Additionally, the company engages in the development, construction, operation, and maintenance of railway corridors; land development activities; integrated textile park and container freight station businesses; develops inland container depots; owns and operates harbour tugs, barges, other port crafts, ocean towage and offshore support vessels; warehousing and storage facilities, hospital, and other related services; and provision of cargo storage-cum logistics services. Adani Ports and Special Economic Zone Limited was incorporated in 1998 and is headquartered in Ahmedabad, India."
APOLLOHOSP.NS,Apollo Hospitals Enterprise Limited,Healthcare,Medical Care Facilities,8022.5,115351.2374272,55.228558,12.167729,21.94953765458615,19.197485301229353,0.85146,12.167,7.906000000000001,20.564523031101835,34.1728280961183,14.846702644087806,,0.25,-11.553938592139357,6.1537504,"Apollo Hospitals Enterprise Limited, together with its subsidiaries, provides healthcare services in India. It operates through Healthcare Services, Retail Health & Diagnostics, Digital Health & Pharmacy Distribution, and Others segments. The company's healthcare facilities comprise primary, secondary, and tertiary care, as well as specialty facilities. It offers services in cardiac sciences, oncology, neurosciences, gastroenterology, orthopedics, urology, organ transplantation, pulmonology, obstetrics and gynecology, internal medicine, vascular surgery, pediatrics, cosmetology, emergency medicine, bariatric surgery, general surgery, colorectal surgery, dentistry, nephrology, dermatology, endocrinology, preventive medicine, interventional radiology, ophthalmology, and integrative medicine, as well as robotic surgery and genomics. The company also provides project consultancy, medical educational institutes, Medvarsity for e-learning, and research services, as well as acts as an agent for life, general, and health insurance. In addition, it operates hospitals, pharmacies, primary care clinics, and diagnostic centers; short stay facilities, boutique birthing centers, multi-specialty clinics, dental and dialysis facilities, and preventive care; day surgery, diabetes management, and cradle and fertility centers; and Apollo 24/7, a digital health mobile platform that provides teleconsultations, online pharmacy deliveries, home diagnostics, and insurance services. Further, the company engages in the business of bio-banking of tissues. It serves patients, corporate clients, and the government and public sectors. Apollo Hospitals Enterprise Limited was incorporated in 1979 and is based in Chennai, India."
ASIANPAINT.NS,Asian Paints Limited,Basic Materials,Specialty Chemicals,2353.4,225607.3392128,47.371174,10.562504,21.217569178394662,24.407361996042123,0.17847000000000002,17.687,12.812999999999999,17.894019714291787,39.96108277185228,1.1045837431410632,,1.14,-21.177613290015728,2.2167444,"Asian Paints Limited, together with its subsidiaries, engages in the manufacture, distribution, and sale of paints, coatings, and products related to home decoration and bath fittings, kitchen, and wardrobe in India, Asia, the Middle East, Africa, and the South Pacific region. The company offers wall coverings, waterproofing products, adhesives; and bath fittings and sanitaryware, modular kitchens and wardrobes, fabric, furnishings, rugs, decorative lightings, unplasticized polyvinyl chloride windows and door systems, furniture, textures and painting aids, and mechanized tools. It also provides color consultancy, projects, home painting services, waterproofing and wood solutions, and assure services; and interior and exterior wall finishes, enamels, tools, undercoats, thinners, and varnishers. The company offers its products under the Asian Paints, SCIB Paints, Apco Coatings, Asian Paints Berger, Taubmans, Asian Paints Causeway, and Kadisco Asian Paints brand names. It serves homeowners, large projects, dealers, corporates, architects, interior designers, contractors, and influencers through multi-channel distribution network comprising wholesalers, distributors, retail outlets, and e-commerce platforms. Asian Paints Limited was founded in 1942 and is headquartered in Mumbai, India."
AXISBANK.NS,Axis Bank Limited,Financial Services,Banks - Regional,1227.4,382174.3112192,13.801867,1.7105501,13.352998999999999,,,49.181998,36.031,3.7713126474631986,22.239786537512884,12.160508731062091,,0.08,-13.459775787915095,0.35455227,"Axis Bank Limited provides various financial products and services in India and internationally. The company operates through four segments: Treasury, Retail Banking, Corporate/Wholesale Banking, and Other Banking Business. It provides fixed, recurring, and safe deposits; and saving, salary, current, safe custody, pension disbursement, and demat and trading accounts. The company also offers home, personal, car, two-wheeler, business, commercial vehicle construction equipment, education, gold loans, as well as loans against securities, fixed deposits, properties, and credit cards. In addition, it provides credit and debit cards; mutual funds; governmental investment products, such as public provident fund, floating rate saving bonds, and national pension system; digital gold and sovereign gold bonds; alternate investment products; insurance services, such as life, general, and health insurance; and various forex products and services. The company was formerly known as UTI Bank Limited and changed its name to Axis Bank Limited in July 2007. Axis Bank Limited was incorporated in 1993 and is headquartered in Mumbai, India."
BSE.NS,BSE Limited,Financial Services,Financial Data & Stock Exchanges,3118.0,126631.0447104,45.359325,16.058176,45.00384797697342,40.854915703379916,0.0,80.109,48.918,63.47617307792681,62.032591164420396,76.5177447127117,,0.33,-29.88216245389944,37.337124,"BSE Limited, together with its subsidiaries, provides a platform for the listing and trading of equity, debt instruments, currencies, commodities, derivatives, mutual funds, and small and medium enterprise securities in India and internationally. The company provides clearing and settlement, IT support, training, and stock exchange and index services, as well as engages in the corporate social responsibility activities. It also offers market data, risk management, data feeds, and investor education services, as well as operates as an intermediary for trading in overseas exchanges. The company was formerly known as Bombay Stock Exchange Limited and changed its name to BSE Limited in July 2011. BSE Limited was founded in 1875 and is based in Mumbai, India."
BAJAJ-AUTO.NS,Bajaj Auto Limited,Consumer Cyclical,Auto Manufacturers,10028.0,275573.2963328,23.8478,7.217774,29.030273005953873,26.119347677102965,0.56352,21.514,16.250999999999998,65.02654075130134,45.92705524691916,19.494168990528205,,1.49,-19.582999198075377,14.25159,"Bajaj Auto Limited, together with its subsidiaries, engages in the development, manufacture, and distribution of automobiles in India and internationally. The company offers motorcycles, bikes, commercial vehicles, electric two-wheelers, and three-wheeler, as well as related parts and accessories. It also provides financing services for automobiles, as well as exports its products. The company was founded in 1945 and is based in Pune, India."
BAJFINANCE.NS,Bajaj Finance Limited,Financial Services,Credit Services,985.4,613008.801792,30.254837,5.3746843,18.05232275433098,,3.14833,61.55199999999999,43.495,21.20076154114581,27.366951725781497,22.576659990078095,,0.57,-16.23597415844952,-6.006539,"Bajaj Finance Limited operates as a deposit-taking non-banking financial company in India. The company offers financing for various products, such as consumer electronics, furniture, digital products, lifestyle products, lifecare services, e-commerce purchases, retail spends, and two and three-wheelers; and personal, unsecured, home, secured, gold, and car loans. It also provides secured and unsecured loans to micro, small, and medium enterprises; loans against property, mutual funds, insurance policies, and shares; developer finance and lease rental discounting services; commercial vehicle financing; and new and used car financing, and tractor financing. In addition, the company offers commercial and rural lending; public and corporate deposits; loans against securities; micro-finance and auto financing lending; proprietary trading, ESOP financing, and broking and margin trade financing services. Further, it distributes life, health, and general insurance products. The company was formerly known as Bajaj Auto Finance Limited and changed its name to Bajaj Finance Limited in September 2010. The company was incorporated in 1987 and is based in Pune, India. Bajaj Finance Limited is a subsidiary of Bajaj Finserv Ltd."
BAJAJFINSV.NS,Bajaj Finserv Ltd.,Financial Services,Financial Conglomerates,1751.6,280298.8613632,27.807587,3.5941167,13.040975613261041,,2.56404,40.222,6.471,21.925803755163177,12.308850683924643,22.919447792690484,,0.08,-20.200455580865608,-14.784575,"Bajaj Finserv Ltd., through its subsidiaries, provides financial services in India. The company operates through Life Insurance, General Insurance, Windmill, Retail Financing, and Investments and Others segments. It offers personal, home, business, gold, loan for doctors and lawyers; loan against properties, securities, car, fixed deposit, insurance policy, mutual funds, and shares; unsecured and secured loans to small and medium-sized enterprises; two- and three-wheeler loans; used car and tractor loan; financing for products, such as consumer electronics, digital, furniture, e-commerce purchases and retail spends; developer financing; and lease rental discounting products. The company also provides investment products, including fixed deposits, stock trading, and mutual funds; savings products; life, health, motor, fire, engineering, liabilities, marine, crop, car, two-wheeler, pet, home, travel, and personal accident insurance products; wealth management and retirement planning services; healthcare services comprising wellness, outpatient, and inpatient services; and credit cards. In addition, it owns and operates 138 windmills with total installed capacity of 65.2 megawatts. Bajaj Finserv Ltd. was incorporated in 2007 and is based in Pune, India."
BEL.NS,Bharat Electronics Limited,Industrials,Aerospace & Defense,378.15,276419.2874496,45.017857,11.52299,27.57823766781462,31.883587832312738,0.0027300000000000002,22.134999999999998,21.403,24.939298247194653,8.704931385386283,15.471464370632626,,0.65,-20.12884148273313,-7.2958229999999995,"Bharat Electronics Limited designs, manufactures, and supplies electronic equipment and systems for the defense and civilian markets in India. The company's defense products include defense communication products, land-based radars, naval systems, electronic warfare systems, avionics, electro optics, tank and armored fighting vehicle electronic systems, weapon systems, C4I systems, upgrades, shelters and masts, simulators, batteries, components and devices, fuzes and unmanned systems; microwave tubes and power modules, microwave super components, digital multichannel data recorders, and hybrid micro circuits; and micro-electro mechanical systems, such as pressure transducers, and conductivity temperature and depth sensors. Its non-defense products comprise e-governance systems, homeland security products, civilian radars, and telecom and broadcast systems; integrated traffic management systems, real time train information systems, and solar power solutions; and PD and strategic products, silicon radiation detectors, passive vacuum devices, EMI filters, and multichannel voice logging recorder systems. It also provides electronic manufacturing services, including PCB assembly and testing, precision fabrication, microwave integrated circuit assemblies, super components modules, cable assemblies, and antennae manufacturing services; designs and manufactures transformers, coils, chokes, and sub-assemblies; and software services. In addition, the company offers cyber security products, such as data diodes and secure storage products; EV charging stations; and platform screen doors. Further, the company provides security architecture conceptualization and consulting, and information security audit services. It exports its products to the United States, France, Spain, the United Kingdom, Mauritius, Seychelles, Mauritius, the Republic of Armenia, Sri Lanka, Sweden, and Israel. Bharat Electronics Limited was incorporated in 1954 and is headquartered in Bengaluru, India."
BHARTIARTL.NS,Bharti Airtel Limited,Communication Services,Telecom Services,1760.5,1098315.726848,36.799747,6.7847495,20.151,16.68634559517262,1.00415,32.573003,13.139999999999999,18.35022825326611,37.31569125237479,14.882310633383145,5.7412079311804876,1.38,-19.03885950793286,-8.5124254,"Bharti Airtel Limited operates as a telecommunications company in India and internationally. It operates through the Mobile Services India, Mobile Services Africa, Mobile Services South Asia, Airtel Business, Passive Tower Infrastructure Services, Homes Services, Digital TV Services, and Others segments. The company provides voice and data telecom services through wireless technology including 2G/3G/4G/5G services; passive infrastructure service, including the setup, operation, and maintenance of wireless communication towers; mobile money services; home services covering voice and data communications through fixed-line network, wireless network, and broadband technology for homes; and digital TV services comprising digital broadcasting services under the DTH platform and IPTV services. It also engages in the airtel business that includes MPLS, VoIP, SIP trunking, fixed line voice solutions, communications platform as a service (CPaaS), internet of things (IoT), managed services, enterprise mobility applications, cloud, and cybersecurity, data and voice, network integration, managed services, security, and platform services. In addition, the company offers post-paid, prepaid, roaming, data services, OTT content, and various value-added services, as well as mobile TV, video calls, live-streaming videos, gaming, and high-definition (HD) and 4K content services. The company was formerly known as Bharti Tele-Ventures Limited and changed its name to Bharti Airtel Limited in April 2006. Bharti Airtel Limited was incorporated in 1995 and is headquartered in Gurugram, India."
CIPLA.NS,Cipla Limited,Healthcare,Drug Manufacturers - Specialty & Generic,1323.0,106913.595392,31.736212,3.104729,11.822343178098723,14.857680105539679,0.01778,12.549,12.009,3.509998478873899,-39.19252169356206,7.234079281312833,,0.97,-20.920502092050206,-11.175734,"Cipla Limited, together with its subsidiaries, manufactures, develops, sells, and distributes pharmaceutical products in India, the United States, South Africa, and internationally. It offers generic and branded generic medicines, vaccines, active pharmaceutical ingredients, and formulations for various therapeutic areas, such as MI, angina, heart disease, pulmonary disease, kidney disorders, alzheimer's disease, hypertension, arrhythmia, lipid abnormalities and diabetes, obesity, central nervous system, HIV/AIDS, respiratory, asthma, urology, oncology, cardio-metabolism, child health, infectious diseases and critical care, hepatitis, women's health, ophthalmology, and neuro psychiatry. The company is also involved in the consumer healthcare, biosimilars, and specialty businesses. Cipla Limited was incorporated in 1935 and is based in Mumbai, India."
COALINDIA.NS,Coal India Limited,Energy,Thermal Coal,425.65,262316.5431808,8.40707,2.2022455,28.162327030274355,19.623377292954114,0.11628999999999999,21.113001,18.138,7.771813081324908,0.6258916341273402,9.305839675105098,,5.0,-13.353689567430028,10.081171999999999,"Coal India Limited, together with its subsidiaries, produces and sells coal and coal products in India. The company offers coking coal for steel making and metallurgical industries, as well as for hard coke manufacturing; semi coking coal for blend-able coal in steel making, merchant coke manufacturing, and other metallurgical industries; and non-coking coal for cement, fertilizer, glass, ceramic, paper, chemical, and brick manufacturing, as well as power generation and other heating purposes. It also provides washed and beneficiated coal for manufacturing of hard coke for steel making and power generation, as well as for cement, sponge iron, and other industrial plants; middling products for power generation, domestic fuel plants, brick manufacturing units, cement plants, and industrial plants, etc.; and reject products for fluidized bed combustion boilers for power generation, road repairs, briquette making, and land filling, etc. In addition, the company offers CIL/LTC coke for use in furnaces and kilns of industrial units, as well as for domestic fuel by halwais and hotels, etc.; coal/coke fines for use in industrial furnaces and domestic purposes; and tar, heavy and light oil, and soft pitch for use in furnaces and boilers of industrial plants, power houses, oil, dye, and pharmaceutical industries, etc. Further, it engages in coal mining and gasification; consultancy support in coal and mineral exploration; and renewable energy activities. The company serves the power and non-power sectors. The company was formerly known as Coal Mines Authority Limited and changed its name to Coal India Limited in January 1975. Coal India Limited was incorporated in 1973 and is headquartered in Kolkata, India."
DRREDDY.NS,Dr. Reddy's Laboratories Limited,Healthcare,Drug Manufacturers - Specialty & Generic,1199.6,99925.3082112,30.186209,2.6060925,8.836999500000001,14.219971829617755,0.18605,4.251,9.995999999999999,-5.55516547301409,-68.71914233319228,10.962715603768824,-0.3912547439670338,0.66,-15.216623082903402,-3.3958018,"Dr. Reddy's Laboratories Limited, together with its subsidiaries, operates as an integrated pharmaceutical company North America, Europe, India, Russia, and internationally. The company operates through Global Generics, Pharmaceutical Services and Active Ingredients (PSAI), and Others segment. Its Global Generics segment manufactures and markets prescription and over-the-counter finished pharmaceutical products that are marketed under a brand name or as a generic finished dosages with therapeutic equivalence to branded formulations, as well as engages in the biologics business. The PSAI segment manufactures and markets active pharmaceutical ingredients and intermediates, which are principal ingredients for finished pharmaceutical products. This segment also provides contract research services; and manufactures and sells active pharmaceutical ingredients and steroids with the customer requirements. Its Others segment engages in developing therapies in the fields of oncology and inflammation; and research, development, and commercialization of differentiated formulations. The company offers its products for various therapeutic categories, including gastro-intestinal, cardiovascular, anti-diabetic, dermatology, oncology, respiratory, stomatology, urology, and nephrology, vaccines, vitamins and minerals, and pain management. Dr. Reddy's Laboratories Limited was incorporated in 1984 and is headquartered in Hyderabad, India."
EICHERMOT.NS,Eicher Motors Limited,Consumer Cyclical,Auto Manufacturers,6967.0,191259.2662528,33.15251,7.614083,23.774264688132586,26.432207130692515,0.02048,19.798,23.211999,31.201750235561974,21.347969665289334,17.467525148496698,,1.19,-15.346294046172538,0.58139563,"Eicher Motors Limited, an automobile company, engages in the manufacture and sale of motorcycles and commercial vehicles in India and internationally. The company designs, develops, manufactures, assembles, and sells two-wheelers, as well as related parts and accessories; motorcycle accessories; protective and performance gears; and lifestyle apparel products and accessories. It also provides motorcycle accessories; protective and performance gears; lifestyle apparel products and accessories; and parts and service support for riders across markets. In addition, the company owns the Royal Enfield motorcycle brand that offers Classic 350, Bullet 350, Meteor 350, Hunter 350, Himalayan 450, Scram 440 ADV Crossover, Interceptor 650, Bear 650, Guerrilla 450 modern roadster, Continental GT 650, Super Meteor 650, and Shotgun 650 models. The company was founded in 1901 and is headquartered in Chennai, India."
ETERNAL.NS,Eternal Limited,Consumer Cyclical,Internet Retail,315.35,290292.0790016,670.95746,9.321884,1.1941856860857791,2.8604836869723935,0.14826,0.23700001,0.642,182.00083717036418,268.0,97.70414165813189,,0.0,-14.411724793051961,-6.326466999999999,"Eternal Limited, together with its subsidiaries, provides e-commerce platform services to restaurant partners, quick commerce merchants, delivery partners, theatres, sports facilities, event organizers, and users in India and internationally. The company operates through India Food Ordering and Delivery, Hyperpure Supplies (B2B Business), Quick Commerce, and Going Out segments. It offers a B2C technology platform under the Zomato brand that facilitates listing and online ordering of food items by connecting end users, restaurant partners, and independent delivery partners, as well as food rescue, food on train, and food expense management solutions; and B2B supplies solutions under the Hyperpure brand that supplies value added food ingredients and other products to restaurants, as well as 4PL warehousing and supply chain services. The company also provides quick commerce services under the Blinkit brand that provides on-demand delivery of products across various categories, such as daily essentials, electronics, beauty and personal care, fresh, staples, books, fashion, toys and sports, general merchandise, festive needs, stationery, and emergency supplies; and entertainment services, including dining-out, movies, events, shopping, and live event ticketing through its District app. In addition, it offers payment aggregator and gateway, logistics, technology solutions, quick food service, trading, advertisement, and subscriptions services; and operates internet portals, as well as charitable and social welfare activities. The company was formerly known as Zomato Limited and changed its name to Eternal Limited in March 2025. Eternal Limited was founded in 2008 and is headquartered in Gurugram, India."
GRASIM.NS,Grasim Industries Limited,Basic Materials,Building Materials,2970.1,201458.7256832,35.42159,1.9469223,4.942283814017523,3.9797845454507472,1.35044,18.809,3.093,21.43203263964777,51.06297605136074,14.30180401587764,,0.34,-12.928380874204803,5.506873000000001,"Grasim Industries Limited, together with its subsidiaries, primarily produces cellulosic fibres, diversified chemicals, fashion yarns, and fabrics in india and internationally. The company operates through Cellulosic Fibres, Chemicals, Building Materials, Financial Services, and Others segments. It offers cellulosic staple fibre; and cellulosic fashion yarn; chlor-alkali comprising caustic soda; chlorine derivatives; and specialty chemicals, such as epoxy polymers and curing agents. The company also provides grey cement, white cement-based putty, and ready-mix concrete; and decorative paints, including exterior and interior emulsions, waterproofing, textures and designer finishes, enamels, colorants, wallpapers, stainers and non-mechanized tools, and wood finishes under the Birla opus brand name. In addition, it operates Birla Pivot, a business-to-business e-commerce platform for building and construction materials; and offers non-banking financial services, housing finance, equity broking, wealth management, asset management and reconstruction, and health and life insurance services. Further, the company provides textile products, such as linen fabrics, wool tops and worsted yarn, and cotton fabrics under Linen Club, Cavallo, Soktas, and Giza House brands; and manufactures and sells ceramic and composite insulators for transmission and distribution lines, sub-stations, equipment, and railway industries, as well as engages in generating clean energy using solar, wind, hybrid, floating solar systems, and battery storage solutions. The company was incorporated in 1947 and is based in Mumbai, India."
HCLTECH.NS,HCL Technologies Limited,Technology,Information Technology Services,1214.1,328507.1167488,18.887678,4.4508533,24.067,27.206509380329734,0.07058,16.877002,12.966,13.93785627203532,20.32266458495966,8.654772035396308,0.05518906116686505,4.83,-31.795966518734907,-12.315719999999999,"HCL Technologies Limited provides IT and business services, engineering, research and development services, software products, and IP-led offerings. It operates through IT and Business Services, Engineering and R&D Services, and HCL Software segments. The company provides application development, management, modernization, and testing services, as well as commercial applications; automation services, including digital integration, business process management, robotic process automation for intelligent automation, and low and no-code services; digital process operations; and data and AI services that consist of strategy and advisory, modernize data, simplify insights, and scale AI. It also offers commercial applications for sales, accounting, finance, HR, inventory, and manufacturing operations; cybersecurity services; systems engineering, simulation process and data management, manufacturing engineering, supplier collaboration, and digital thread and twin; HCLTech Career Shaper, a learning and assessment platform; and HCLTech Pulse, a unit focused on helping enterprise for AI transformation. In addition, the company provides cloud engineering, digital platform engineering, digital commerce and manufacturing, silicon platform solutions, 5G engineering, SemiCloud, and AITech services; and IT enablement and service desk, unified communication and collaboration, workplace assessment and automation, mobility, and cloud office services. Further, it offers intelligent operations, internet of things, marketing services, operational technology, product engineering, supply chain, unified service management, and enterprise network solutions. The company has a strategic partnership with Cisco Systems, Inc. to launch a Fluid Contact Center solution that features AI and cloud-enabled capabilities to help enterprises transform customer engagement. The company was founded in 1976 and is headquartered in Noida, India."
HDFCBANK.NS,HDFC Bank Limited,Financial Services,Banks - Regional,712.65,1098797.7572352,15.577049,1.8096154,13.838000000000001,,,33.291999,26.787,16.6,18.099999999999998,16.901404653643336,,1.8,-30.166585007349344,-25.912988,"HDFC Bank Limited provides banking and financial products and services to individuals and businesses in India, Bahrain, Hong Kong, Singapore, and Dubai. The company operates through Treasury, Retail Banking, Wholesale Banking, Other Banking Business, Insurance Business, and Other segments. It offers savings, salary, current, rural, public provident fund, pension, and demat accounts; fixed and recurring deposits; and safe deposit lockers, as well as offshore accounts and deposits, and overdrafts against fixed deposits. The company also provides personal, home, car and pre owned car, marriage, two-wheeler, business, doctor, educational, gold, consumer, and rural loans; loans against properties, securities, mutual funds, and car; loans for professionals; government sponsored programs; and loans on credit card, as well as working capital, term loans, supply chain management, project finance, export finance, commercial vehicle / equipment finance, tractor finance, infrastructure, and agriculture finance. In addition, it offers credit, debit, prepaid, forex, and kisan gold cards; payment and collection, export, import, remittance, bank guarantee, letter of credit, trade, hedging, and merchant and cash management services; and insurance and investment products. Further, the company provides short term finance, bill discounting, structured finance, export credit, loan repayment, custodial, and documents collection services; online, mobile, and phone banking services; unified payment interface, immediate payment, national electronic funds transfer, and real time gross settlement services; channel financing, vendor financing, money market, derivatives, employee trusts, cash surplus corporates, tax payment, and bankers to rights/public issue services; and financial solutions for supply chain partners and agricultural customers. It operates branches and automated teller machines in various cities/towns. The company was incorporated in 1994 and is headquartered in Mumbai, India."
HDFCLIFE.NS,HDFC Life Insurance Company Limited,Financial Services,Insurance - Life,528.55,114803.6579328,57.76503,5.885726,10.828,,0.15885,2.1870000000000003,1.9,14.446116978932167,11.45983404759734,9.253109019767368,,0.39,-32.967660114140784,-29.991484,"HDFC Life Insurance Company Limited engages in the provision of individual and group insurance solutions in India. It offers insurance and investment products, such as protection, pension, savings, investment, annuity, and health, as well as term, investment, life insurance, and NRI plans. The company was formerly known as HDFC Standard Life Insurance Company Limited changed its name to HDFC Life Insurance Company Limited in January 2019. HDFC Life Insurance Company Limited was incorporated in 2000 and is headquartered in Mumbai, India. HDFC Life Insurance Company Limited operates as a subsidiary of HDFC Bank Limited."
HINDALCO.NS,Hindalco Industries Limited,Basic Materials,Aluminum,935.85,207743.4576896,12.696378,1.5210049,10.289213652359658,9.422965505910431,0.72598,13.668999000000001,5.5489999999999995,32.06034375389215,75.14985014985014,7.09955900179613,,0.53,-20.420918367346943,21.263039,"Hindalco Industries Limited, together with its subsidiaries, manufactures and distributes aluminum and copper products in India and internationally. It operates through four segments: Novelis, Aluminium Upstream, Aluminium Downstream, and Copper. The company offers primary aluminum, such as ingots, wirerods, primary foundry alloys, and billets; flat rolled products, including building and pattern sheets, PCB entry and cold-rolled sheets, closure and fin stocks, cable wrap and lamp cap stocks, foil and litho stocks, spiral fin stocks, circles, hot-rolled plates, cold-rolled coils, and flooring sheets/tread plates; extrusions; and foils, as well as aluminium sheet and light gauge products. It also engages in bauxite and coal mining, refineries, and metal and power; and specialty alumina solutions, including refractory, ceramic, polishing, flame retardant, battery, and water treatment solutions. In addition, the company provides copper wire and recycled rods, alloy rods, IGT tubes, and cathodes; precious metals, such as gold and silver bars, selenium, and platinum group metals; and di-ammonium phosphate, as well as internally grooved copper tube and copper scrap recycling operations. Further, it provides mining, investment, cargo, management, import and export aluminum, sales office, captive insurance cell, and welfare services. The company exports its products. It offers its products under the PrizTec, EcoEdge G, EcoEdge C, Everlast, Eternia, Freshwrapp, FUSALOX, and Totalis brands. The company serves the building and construction, batteries and renewable energy, commercial transport, consumer durables, circularity and home solutions, defence and aerospace, electrical and power, industrial machinery, packaging, and personal mobility industries. Hindalco Industries Limited was incorporated in 1958 and is headquartered in Mumbai, India."
HINDUNILVR.NS,Hindustan Unilever Limited,Consumer Defensive,Household & Personal Products,1830.8,430163.1782912,41.04933,8.825854,30.650091705726513,22.15161285298195,0.03016,20.724999999999998,22.644000000000002,10.302330059695741,-3.0116110304789556,2.3052897580990495,,2.4,-31.35872825434912,-27.767723999999998,"Hindustan Unilever Limited, a fast-moving consumer goods company, manufactures and sells food, home care, and personal care products in India and internationally. It operates through Home Care, Beauty & Wellbeing, Personal Care, Foods, and Others segments. The company offers detergent bars, detergent powders, detergent liquids, and scourers; skin care and hair care products; skin cleansing, oral care, bodywash, and deodorants; and culinary products, such as tomato based products, fruit based products, soups, etc., as well as tea, coffee, functional nutrition drinks, and lifestyle nutrition products. It is also involved in beauty salons, job work, real estate, and discharge trust business. Hindustan Unilever Limited was founded in 1888 and is headquartered in Mumbai, India."
ICICIBANK.NS,ICICI Bank Limited,Financial Services,Banks - Regional,1313.9,943171.2530432,16.98423,2.4772944,16.073999,,,38.509998,27.531,7.727747903119053,13.88490588304714,18.113414743381927,,0.92,-11.222972972972967,-3.8726687,"ICICI Bank Limited, together with its subsidiaries, engages in the provision of various banking and financial services to corporate and retail customers in India and internationally. The company operates through Retail Banking, Wholesale Banking, Treasury, Other Banking, Life Insurance, General Insurance, and Others segments. The company offers asset management, securities brokerage, private equity, foreign exchange, agricultural and rural banking, equities underwriting, depositary share accounts, consumer durable goods financing, corporate salary and current account, savings and sovereign gold bonds, insurance policies, public offerings, investment, credit and protection, retail inward remittances, certificates of deposits, and payment and transaction banking products and services. It is also involved in the fee and commission-based activities; distribution of financial products; venture capital and real estate fund management business; treasury and rural banking operations; financial solutions; working capital financing; I-Process services, mutual funds, investment banking, and pension funds; and advisory activities. In addition, the company provides savings, salary, capital gains scheme, Hindu undivided family savings, real estate regulatory authority, government e-marketplace, current, trade, escrow, and foreign currency accounts. Further, it offers personal, home, car, education, gold, automobile, and commercial business loans, as well as loans against time deposits, securities, and property; and working capital loans, as well as credit, debit, prepaid, travel, forex, commercial, and corporate cards. Additionally, the company provides fixed income products; investment products; payments; general, accident, life, health, vehicle, and travel insurance products; cash management and merchant services; capital market and securities market services; and forex, derivatives, bullion, and bonds. The company was founded in 1955 and is headquartered in Mumbai, India."
ITC.NS,ITC Limited,Consumer Defensive,Tobacco,260.85,326858.5455616,16.467804,4.507595,29.030243651927023,36.467829434391575,0.03293,24.867001,25.937998,-11.09833794430618,-16.2097174020823,3.646483983178639,,6.25,-38.82504690431519,-36.144726999999996,"ITC Limited engages in the fast-moving consumer goods, paperboards, paper and packaging, and agri businesses in India and internationally. The company offers cigarettes and cigars; foods, including staples, spices, biscuits, confectionery and gums, snacks, noodles and pasta, beverages, dairy products, ready-to-eat meals, chocolates, coffee, and frozen foods; personal care products; education and stationery, such as balls, gels and roller pens, mechanical pencils, geometry boxes, erasers, sharpeners and rulers, wax crayons, plastic crayons, and sketch pens and oil pastels; safety matches; and agarbattis and dhoops under various brands, as well as operates a hotel under the ITC Grand Central name in Mumbai. It also provides virgin, recycled, coated barrier, cupstock base, liner, liquid packaging, antifungal, solid, and graphic boards, as well as specialty papers; surfacing, print base, barrier, overlay, and liner papers; plastic substitution products; and packaging products, including cartons, flexible, tobacco, and green packaging products. In addition, the company exports feed ingredients, food grains, marine products, processed fruits, coffee products, leaf tobacco products, and spices; and offers information technology services for the banking and financial services, healthcare, manufacturing, consumer goods, travel, and hospitality industries, as well as produces and commercializes seed potato technology products. Further, it provides property infrastructure maintenance; engineering, procurement and construction management and project management consultancy services; business consulting; and agro-forestry and other related services, as well as engages in the fabrication and assembly of machinery for tube filling, cartoning, wrapping, and conveyor solutions and engineering activities. ITC Limited was incorporated in 1910 and is headquartered in Kolkata, India."
INFY.NS,Infosys Limited,Technology,Information Technology Services,1020.0,413135.0642688,13.896458,4.4583664,32.0,41.655992680695334,0.09541000000000001,21.173000000000002,16.370001000000002,2.853673345476615,1.2360939431396822,3.4419263822166313,0.0766244592093092,4.83,-40.97222222222222,-29.87805,"Infosys Limited provides consulting, technology, outsourcing, and digital services worldwide. The company offers insight services, such as applied and generative AI, sustainability services, and Infosys Topaz, an AI-first set of services, solutions, and platforms; blockchain, Internet of Things, and engineering services; cybersecurity and quality engineering services; and enterprise agile DevOps, API economy and microservices, application modernization, and digital process automation. It also provides digital supply chain, Microsoft business application services, Microsoft cloud business, Oracle, SAP, service experience transformation, Salesforce, energy transition, network transformation services, infrastructure services, global capability center, and Infosys Cobalt, a suite of services, solutions, and platforms. In addition, the company offers experience services, including digital marketing, digital commerce, digital interactions, digital workplace services, digital experience, metaverse, and Infosys Aster, a marketing suite; and EdgeVerve, Infosys Finacle, Infosys Live Enterprise Suite, Infosys Cortex, Infosys Meridian, Panaya, Infosys Equinox, Infosys Topaz Fabric, Infosys Wingspan, Infosys Helix, and Infosys Polycloud platforms. It serves aerospace and defense, agriculture, automotive, chemical manufacturing, communication services, consumer packaged goods, education, engineering procurement and construction, financial services, oil and gas, private equity, professional services, public sector, healthcare, high technology, industrial manufacturing, information services and publishing, insurance, life sciences, logistics and distribution, media, entertainment, mining, retail, semiconductor, travel and hospitality, utilities, and waste management industries. The company was formerly known as Infosys Technologies Limited and changed its name to Infosys Limited in June 2011. Infosys Limited was incorporated in 1981 and is headquartered in Bengaluru, India."
INDIGO.NS,InterGlobe Aviation Limited,Industrials,Airlines,4922.9,190352.0907264,,27.295006,-29.277876041201274,4.0215448306629105,11.127059999999998,1.543,-5.3969998,19.944087469445716,-110.91761246151725,15.551373629828657,,0.0,-17.53936348408711,-13.42699,"InterGlobe Aviation Limited, together with its subsidiaries, provides air transportation services under the IndiGo brand in India and internationally. The company offers pre-flight and post-flight ground handling operations; passenger and cargo services; and related allied services, such as in-flight sales, and other allied services at the airports. It also engages in aircraft and other aircraft-related equipment leasing. In addition, the company provides cargo transport; charter flights; hotel booking services through its website and mobile app. As of March 31, 2025, its fleet consisted of 441 aircraft. The company serves business and leisure travelers, students, and families. InterGlobe Aviation Limited was incorporated in 2004 and is based in Gurugram, India."
JSWSTEEL.NS,JSW Steel Limited,Basic Materials,Steel,1236.7,301875.7505024,12.202269,3.0169742,24.85783825028265,18.746973274953945,0.9537399999999999,15.299,13.065,9.896373056994822,112.95787545787546,3.613916948222462,,0.58,-8.460399703923017,6.302273,"JSW Steel Limited manufactures and sells iron and steel products in India and internationally. The company offers hot and cold rolled steel products, colour coated sheets, galvanized and galvalume steel, electrical steel, steel doors, zinc-magnesium-aluminium products, aluminium-zinc roofing products, tin plate, TMT bars, wire rods, special alloy steel, grinding media, prepainted colour coated steel, low-carbon steel, hot-rolled sheets, structural steel, and low relaxation pre-stressed concrete steel strands under the JSW Neosteel, JSW Neostrands, JSW Neosteel Fastbuild, JSW Trusteel, JSW Colouron+, JSW Everglow, JSW Vishwas, JSW Platina, JSW Magsure, JSW Galveco, JSW Silveron+, JSW Pragati+, JSW Vishwas+, JSW Galvos, JSW Avante, JSW ColourFrame, JSW Endura+, JSW Radiance brands. It also engages in acquisition and investment in steel related and allied businesses, and trading in steel products; real estate; production and distribution of special long steel products; management of logistic infrastructure of Piombino's port area; produces forged steel balls; manufactures plates, pipes and double jointing, slabs, and hot rolled coils; produces gaseous and liquid form of oxygen, nitrogen, argon, and other products recoverable from separation of air; mining; and construction and development of residential township. In addition, the company trades in iron ore, steel, and allied activities; and provides steel plant, coke oven and pellet plant, power plant, and scrap shredding facilities. Its products are used in automotive, general engineering, machinery, and infrastructure and construction sectors. The company was formerly known as Jindal Vijayanagar Steel Limited and changed its name to JSW Steel Limited in June 2005. JSW Steel Limited was founded in 1982 and is based in Mumbai, India."
JIOFIN.NS,Jio Financial Services Limited,Financial Services,Asset Management,211.78,139841.3328384,65.77019,1.001627,1.213055866394591,1.7356870253319823,0.16286,63.313997,55.00600300000001,330.9648448756123,155.72907041212346,431.7084751286302,,0.28,-33.160801641155125,-30.612242000000002,"Jio Financial Services Limited, through its subsidiaries, engages in the business of investing and financing, insurance broking, payment bank and payment aggregator, and payment gateway services in India. The company provides loans, savings accounts, recharges, fixed deposits, digital insurance, financial tracking, management tools, digital banking, UPI bill payments, and insurance advisory; and asset and wealth management, and broking services, as well as supply chain and vendor financing and enterprise leasing solutions for devices and cars to corporates, gold, and leasing solutions to individuals and businesses. It also provides insurance broking services, such as car, bike, health, and life insurances. In addition, it offers, wallet, toll processing on national highways, cash management services, and payment solutions such as, AePS, direct benefit transfer; debit cards; payment systems, including aadhaar enabled payment, personalised investment advice, and tax planning and filing. Further, it provides home loan; loan against property, mutual funds, and shares; solar financing; and corporate and supply chain finance. The company was formerly known as Reliance Strategic Investments Limited and changed its name to Jio Financial Services Limited in July 2023. Jio Financial Services Limited was incorporated in 1999 and is based in Mumbai, India."
KOTAKBANK.NS,Kotak Mahindra Bank Limited,Financial Services,Banks - Regional,418.0,415821.4373376,20.490196,2.2941697,11.388854897125087,,,34.761003,28.467,16.630642290722708,22.545604157256637,13.483136568379317,,0.16,-7.7669902912621325,-2.5279582,"Kotak Mahindra Bank Limited provides a range of banking and financial services to corporate and individual customers in India. It operates through Corporate/Wholesale Banking; Retail Banking; Treasury, BMU and Corporate Centre; Vehicle Financing; Other Lending Activities; Broking; Advisory and Transactional Services; Asset Management; and Insurance segments. The company offers savings, current, retail institution, corporate, private banking, and salary accounts; NRE and NRO fixed deposits and foreign currency nonresident deposits; home, personal, business, payday, gold, education, two-wheeler, commercial vehicle and equipment, working capital, home improvement, car, business, and crop loans, as well as loans against securities and properties; smart EMI services; bill payment, fund transfer, FASTag, taxes, loan/utility payment, forex, and remittance; and forex, credit, and debit card services. It also provides life, health, vehicle, travel, car, and two-wheeler insurance; domestic and international trade, international export and import, bank guarantee, letter of credit, and export credit; digital banking services; and cash management, trade and supply chain finance, trade services, corporate accounts, and sector based solutions. In addition, the company offers investment products, such as demat accounts, Government schemes, mutual funds, application supported by blocked amount facility, deposits, and portfolio investment schemes; and wire transfer, click2remit, and remittance exchange house services. Kotak Mahindra Bank Limited was incorporated in 1985 and is based in Mumbai, India."
LT.NS,Larsen & Toubro Limited,Industrials,Engineering & Construction,3728.3,512964.165632,30.927416,4.6928144,15.544187017445182,14.553085125918969,0.9764,10.609999,5.588,6.694240417394015,13.979359668693103,16.091374613178267,,1.03,-16.029279279279272,-1.1667132,"Larsen & Toubro Limited engages in engineering, procurement, and construction projects (EPC) in India and internationally. The company operates through four segments: Infrastructure Projects, Energy Projects, Hi-Tech Manufacturing, and Others. The Infrastructure Projects segment is involved in the engineering and construction of building and factories, transportation infrastructure, heavy civil infrastructure, power transmission & distribution, renewables, water and effluent treatment, and minerals and metals. The Energy Projects segment provides EPC solutions in clean energy space, oil & gas, refineries, petrochemicals & offshore wind energy sectors, from front-end design through detailed engineering, modular fabrication, procurement, project management, construction, installation and commissioning; CarbonLite solutions for power generation plants including power generation equipment with associated systems; and carbon capture utilization and utility packages. The Hi-Tech Manufacturing segment designs, manufactures/constructs, supplies, and revamps/retrofits custom designed engineered critical equipment and systems for the process plants, nuclear energy, and green hydrogen sectors; marine and land platforms, related equipment and systems, and aerospace products and systems; precision and electronics products and systems; and electrolysers. The other segment engages in realty; smart infrastructure and communication projects; construction equipment; and industrial product design development, including marketing and servicing of construction equipment, mining machinery and parts thereof, manufacture and sale of rubber processing machinery, and ecommerce/digital platforms and data centers. It has a strategic partnership with General Atomics Aeronautical Systems, Inc. to manufacture Medium Altitude Long Endurance (MALE) Remotely Piloted Aircraft Systems (RPAS) in India, for the Indian armed forces. The company was founded in 1938 and is headquartered in Mumbai, India."
M&M.NS,Mahindra & Mahindra Limited,Consumer Cyclical,Auto Manufacturers,2840.4,341064.4959232,17.291044,3.4097414,20.10030727913405,17.137685718606814,1.25278,17.031,8.609,26.625565522226058,33.581007611453416,17.49727274090427,,1.15,-26.029323680304174,-17.626727,"Mahindra & Mahindra Limited provides mobility products and farm solutions in India and internationally. It operates through Automotive; Farm Equipment; Auto Investments; Farm Investments; and Investments in Industrial Businesses and Consumer Services segments. The Automotive segment provides automobiles, two wheelers, spares, construction equipment and related services. The Farm Equipment segment sells tractors, implements, spares, powerol, and related services. The Auto Investments segment invests in automotive-related subsidiaries, associates and joint ventures. The Farm Investments segment is involved in the investment of farm equipment related subsidiaries, associates, and joint ventures. The Industrial Businesses and Consumer Services' segment invests in automotive & farm related subsidiaries, associates and joint ventures. The company was incorporated in 1945 and is headquartered in Mumbai, India."
MARUTI.NS,Maruti Suzuki India Limited,Consumer Cyclical,Auto Manufacturers,11394.0,358230.2879744,24.991774,3.3430479,14.434389629698096,17.22158561149031,0.00096,4.828,7.269,36.113970133381066,-9.110325914987872,15.895185513236832,,1.23,-34.4041450777202,-28.828603,"Maruti Suzuki India Limited manufactures and sells motor vehicles, parts, and accessories in India. The company offers passenger and commercial vehicles, including hatchbacks, sedans, SUVs, MPVs, and vans, as well as light commercial vehicles. It is also involved in the facilitation of pre-owned car sales, fleet management, and car financing activities. In addition, the company offers driving school, insurance, accessories, and financing products and services. It also exports its products to South Africa, Saudi Arabia, Chile, Japan, Mexico, and internationally. The company was formerly known as Maruti Udyog Limited and changed its name to Maruti Suzuki India Limited in September 2007. The company was incorporated in 1981 and is headquartered in New Delhi, India. Maruti Suzuki India Limited operates as a subsidiary of Suzuki Motor Corporation."
MAXHEALTH.NS,Max Healthcare Institute Limited,Healthcare,Medical Care Facilities,924.4,89972.801536,61.99866,8.370687,14.332728853558564,12.56726934325977,0.32366999999999996,19.728,16.723,16.699793348688342,4.867357210117862,22.368963346613846,,0.21,-24.347327931909323,-17.438799,"Max Healthcare Institute Limited provides medical and healthcare services in India. It offers services in various specialties, including cardiac sciences, orthopedics, oncology, renal sciences, neurosciences, minimal access and general surgery, pulmonology, obstetrics, bone marrow transplant, bariatric/weight loss surgery, gynecology, minimal access/laparoscopic surgery, eye care/ophthalmology, robotic surgery, paediatrics, nephrology, liver and biliary sciences, gastroenterology and GI surgery, internal medicine, organ transplants, and plastic and reconstructive surgery. The company also provides Max@Home, a platform that offers health and wellness services at home; and Max Lab, which provides diagnostic testing services to patients. In addition, it offers organ and tissue donation, preventive health checks, ambulance and immigration, air ambulance, and insurance and TPA services. The company provides healthcare services through a network of primary care clinics, multi-specialty hospitals/medical centres, and super-specialty hospital facilities. Max Healthcare Institute Limited was incorporated in 2001 and is based in Gurugram, India."
NTPC.NS,NTPC Limited,Utilities,Utilities - Regulated Electric,320.05,310341.79584,11.178833,1.5280933,13.971719277856968,8.9473316581847,1.28345,21.673000000000002,14.530999999999999,7.809565251386585,11.81995141915948,1.868097843383798,,3.92,-22.76785714285714,-7.077557,"NTPC Limited operates as an integrated power company in India and Mauritius. It operates through two segments: Generation and Others. The company generates power from fossil fuels, hydro, solar, wind, nuclear, and renewable energy sources. It also engages in the coal mining and energy trading business. NTPC Limited was incorporated in 1975 and is based in New Delhi, India."
NESTLEIND.NS,Nestlé India Limited,Consumer Defensive,Packaged Foods,1300.4,250758.0112896,65.77643,48.62581,99.16220719759853,,0.08621000000000001,21.170999,15.623000000000001,25.410330392829273,48.267062589894685,,,0.92,-16.26529298132646,10.6626034,"Nestlé India Limited engages in the manufacture and sale of food products in India and internationally. It offers milk products and nutrition, including dairy whitener, condensed milk, UHT milk, yogurt, maternal and infant formula, baby foods, health care nutrition; prepared dishes and cooking aids, such as noodles, sauces, seasonings, pasta, cereals, and pet foods; powdered and liquid beverages comprising instant coffee and tea, as well as ready to drink beverages; and confectionery items consisting of bar countlines, tablets, and sugar confectionery products. The company was incorporated in 1959 and is headquartered in Gurugram, India."
ONGC.NS,Oil and Natural Gas Corporation Limited,Energy,Oil & Gas Integrated,224.05,281861.16096,6.475434,0.7582064,11.583865477976275,12.574900131846748,0.42548,2.931,6.181,25.67712730707632,21.367248499857716,-1.3000309277934274,,6.52,-27.13821138211382,-9.554219,"Oil and Natural Gas Corporation Limited, together with its subsidiaries, engages in the exploration, development, and production of crude oil, natural gas, and value-added products in India and internationally. It operates through Exploration and Production, Refining & Marketing, and Petrochemicals segments. The company offers LPG, naptha, ethane, propane and butane, superior kerosene oil, LSHS, high-speed diesel, aviation turbine fuel, liquefied petroleum gas, light diesel oil, MTO, and other products. It also engages in the refining and marketing of petroleum products; provision of petrochemicals, as well as helicopter services; power generation; LNG supply; pipeline transportation; SEZ development; manufacturing of ethanol and sugar; green and renewable energy business; and operating and chartering of fleets. The company also exports its products. Oil and Natural Gas Corporation Limited was founded in 1955 and is based in New Delhi, India."
POWERGRID.NS,Power Grid Corporation of India Limited,Utilities,Utilities - Regulated Electric,256.8,238839.5032576,15.017543,2.3766553,16.492245369100054,11.154526635290411,1.50813,55.737996,33.797002,2.6839415445570003,-0.8858088790220875,0.5725638002853417,,4.03,-20.97245730112325,-11.275709,"Power Grid Corporation of India Limited, an electric power transmission utility, engages in the power transmission business in India and internationally. It operates in three segments: Transmission Services, Telecom Services, and Consultancy Services. As of 31 March 2026, the company owned and operated 184,960 circuit kilometers of transmission lines, and 291 substations with an aggregate transformation capacity of 624,016 mega volt amperes. It also provides telecom services that offer overhead optic fiber network services using optical ground wire on power transmission lines under the POWERTEL brand name, as well as lease lines, MPLS-VPN, data, infrastructure, and international long-distance services. In addition, it provides consultancy services; environmental and social studies; design and engineering; contract/procurement services; project management and construction supervision; capacity building; operation and maintenance; asset management; owners and lenders engineer services; preparation of grid code, tariff mechanisms, and market analysis; legal and technical advisory in power transmission; power system studies/DPR preparation; smart grid and EV charging; load despatch and communication; sub-transmission/distribution/rural electrification services; testing and quality assurance and inspection; energy efficiency; capacity building; owners and lenders' engineer; operation and maintenance; and preventive vigilance; and oil testing laboratory services, as well as human resource development. Further, it operates electric vehicle charging stations; and engages in solar power generation, smart metering solutions, battery energy storage system, and green hydrogen production. The company was formerly known as National Power Transmission Corporation Limited and changed its name to Power Grid Corporation of India Limited in October 1992. The company was incorporated in 1989 and is based in Gurugram, India."
RELIANCE.NS,Reliance Industries Limited,Energy,Oil & Gas Refining & Marketing,1176.2,1591689.4312110802,21.300253,1.7606598,9.246063769509453,8.993784539668614,0.46277999999999997,12.331,6.614999500000001,27.022722795035126,-22.404978884196492,6.394053574594261,,0.51,-27.02568556892915,-15.076363,"Reliance Industries Limited engages in hydrocarbon exploration and production, petroleum refining and marketing, petrochemicals, advanced materials and composites, renewable, financial services, retail, and digital services worldwide. It operates through the Oil to Chemicals, Oil and Gas, Retail, Digital Services, and Others segments. The company is involved in refining and marketing products, including liquefied petroleum gas, propylene, naphtha, gasoline, jet/aviation turbine fuel, kerosine oil, diesel, sulfur, and petroleum coke. It also provides polymers comprising high-density and low-density polyethylene (PE), linear low-density PE, homopolymer, random and impact copolymer, and polyvinyl chloride; fiber intermediates that include purified terephthalic acid, and ethylene glycols and oxide; aromatics, such as paraxylene, ortho xylene, benzene, and linear alkyl benzene and paraffin; and textiles that consist of fabrics, apparel, and auto furnishings. In addition, the company offers elastomers, such as polybutadiene rubber, styrene butadiene rubber, and butyl rubber; fiber and yarn polyesters; and bioenergy solutions, including compressed biogas, and pellets and briquettes. Further, it engages in oil and gas exploration and production activities; operation of various stores comprising supermarkets, hypermarket, wholesale cash and carry, specialty, and online stores; operation of media and entertainment platforms, and Network18 and television channels; and publishing of magazines. Additionally, the company provides highway hospitality and fleet management services, as well as digital services, such as connectivity, fiber, mobile devices, apps, business, and other digital solutions. Reliance Industries Limited was founded in 1957 and is based in Mumbai, India."
SBILIFE.NS,SBI Life Insurance Company Limited,Financial Services,Insurance - Life,1721.9,172776.3185664,66.43133,8.580584,13.703000000000001,,,1.711,2.1389998,18.80758025414131,21.9661153826741,11.064950991846834,,0.16,-19.235459662288925,-2.7838945,"SBI Life Insurance Company Limited operates as a life insurance company in India. The company's life insurance business comprises individual and group life insurance products, including participating, non-participating, pension, group gratuity, group leave encashment, group superannuation, group annuity, unit-linked and variable insurance products, health, and micro insurance. It also provides accident and disability benefits, level terms, and critical illness insurance products. In addition, the company offers online life insurance, money back income, terms, protection, savings, child plan, wealth, and retirement plans; and corporate solutions, group loan protection, and group micro insurance plans. It provides its products through a multi-channel distribution network comprising individual agents, brokers, corporate agents, bancassurance partners, and certified insurance facilitators, as well as through various partner branches. The company was incorporated in 2000 and is based in Mumbai, India. SBI Life Insurance Company Limited is a subsidiary of State Bank of India."
SHRIRAMFIN.NS,Shriram Finance Limited,Financial Services,Credit Services,964.5,226951.1942144,17.031609,2.753048,18.495001,,2.7621499999999997,68.518996,50.009996,32.06086639097106,59.89487820690933,13.924603624501696,,1.14,-16.399410592008323,40.740192,"Shriram Finance Limited, a non-banking finance company, provides financing services in India. It offers fixed and recurring deposits; commercial vehicle loans for commercial goods vehicles, passenger commercial vehicles, tractors and farm equipment, and construction equipment; two-wheeler, gold, used car loan, and personal loans; and green finance services. The company also provides business loans, such as MSME loans; working capital loans, including tyre, tax, fuel, toll financing, repair/top-up loans, fuel finance, challan discounting and vehicle insurance premium loans; motor insurance, including four-wheeler, two-wheeler, passenger and goods carrying vehicle insurance products; non motor insurance products, such as personal accident, shri criti care, and home insurance; and life insurance products comprising savings, retirement, child, protection plans, as well as recharges, including mobile recharge, mobile postpaid, landline postpaid, DTH, and FASTag recharge services. In addition, it offers utilities and bills services, such as electricity, LPG gas, gas bill payment, broadband postpaid, water, and cable tv; financial services and taxes comprising credit card, loan repayment, insurance, municipal services, and recurring deposit; and other services, such as housing society, clubs and associations, and education fees. It serves first time buyers, small road transport operators, commercial vehicles operators, micro, small, and medium enterprises (MSMEs), and individuals. The company was formerly known as Shriram Transport Finance Company Limited and changed its name to Shriram Finance Limited in November 2022. Shriram Finance Limited was incorporated in 1979 and is based in Mumbai, India."
SBIN.NS,State Bank of India,Financial Services,Banks - Regional,962.8,888723.8393856,10.319399,1.4289552,15.177,,,35.717,22.375999999999998,10.243891937998328,13.73267985663258,12.186970465708868,,1.82,-22.021543694824665,9.158516,"State Bank of India provides banking products and services in India and internationally. The company operates through the Treasury, Corporate/Wholesale Banking, Retail Banking, and Other Banking Business segments. It offers personal banking products and services, including current, savings, salary, and deposit accounts; home, personal, pension, auto, education, and gold loans, as well as loans against insurance property, and securities; debit, business debit, prepaid, and green remit cards; overdrafts; mutual funds, insurance, equity trading, portfolio investment schemes, remittance services; digital lending; and mobile, internet, and digital banking services. The company also provides corporate banking products and services comprising corporate accounts, working capital and project finance, deferred payment guarantees, corporate term loans, structured finance, dealer and channel financing, equipment leasing, loan syndication, construction equipment loans, financing Indian firms' overseas subsidiaries or JVs, and cash management, as well as trade and service products. In addition, it offers NRI services, including accounts, investments, loans, and remittances; agricultural banking services; and international banking services. Further, it provides life and general insurance; estate planning services; merchant banking and advisory; securities broking; trusteeship service; factoring; payment solution; asset management; portfolio and investment management; credit cards; and custody and fund accounting services. State Bank of India was founded in 1806 and is headquartered in Mumbai, India."
SUNPHARMA.NS,Sun Pharmaceutical Industries Limited,Healthcare,Drug Manufacturers - Specialty & Generic,1789.7,429384.9776128,35.507935,5.1380258,14.737222243725789,17.940134057262046,0.055170000000000004,23.247999,20.188999,10.136899058252279,27.040809609282768,10.390670085310827,,0.89,-12.565342713371441,8.841479,"Sun Pharmaceutical Industries Limited, a generic pharmaceutical company, develops, manufactures, and markets branded and generic formulations, and active pharmaceutical ingredients (APIs) in India, the United States, and internationally. The company offers formulations in various therapeutic areas, including neuropsychiatry, cardiology, diabetes, gastroenterology, pain/analgesics, gynecology, ophthalmology, urology, dermatology, respiratory, anti-infectives, oncology, psychiatry, neurology, orthopaedic, nephrology, dental, and nutritionals. It also provides generic medications, such as tablets, capsules, injectables, inhalers, ointments, creams, and liquids; specialty medications; antiretrovirals medications; and over-the-counter products, such as vitamins, analgesics, digestives, and lifestyle. In addition, the company offers generics and APIs for anti-cancers, peptides, steroids, sex hormones, immunosuppressant drugs, and controlled substances. Sun Pharmaceutical Industries Limited was founded in 1983 and is headquartered in Mumbai, India."
TCS.NS,Tata Consultancy Services Limited,Technology,Information Technology Services,2118.6,766528.02156348,15.40016,6.9917564,47.743,54.92762930395693,0.10211,23.963,18.052,13.93193246843325,4.615987460815041,5.801848619364591,,3.13,-36.75820895522388,-30.56485,"Tata Consultancy Services Limited provides information technology (IT) and IT enabled services. It offers TCS ADD, a suite of AI powered life sciences platforms; TCS BaNCS, a financial services platform; TCS BFSI Platforms, a cloud-native, subscription-based as-a-service digital ecosystem for insurers and financial firms; TCS Chroma, a cloud-based AI-led hire-to-retire modular platform; TCS Customer Intelligence & Insights, an AI-powered, real-time customer data analytics solution; TCS ERP on Cloud, SAP transformation with AI-powered smart solutions; ignio, a cognitive automation software product; TCS iON, a learning ecosystem; and TCS HOBS, a cloud-native, catalog-centric platform with composable architecture and insights-led personalization capabilities. It also offers TCS Intelligent Urban Exchange for enterprises and smart cities; TCS OmniStore, a retail commerce platform; TCS Optumera, a strategic intelligence platform; TCS Tap, a platform for intelligent procurement; Quartz, a distributed ledger technology; TCS TwinX, a risk-free experimentation platform; TCS MasterCraft, an AI-driven cognitive automation product; Jile, an enterprise agile planning and delivery tool; TCS DigiBOLT, an end-to-end, organization-wide enterprise platform; and TCS AI WisdomNext, an enterprise grade GenAI platform. In addition, the company provides AI, data and analytics, cloud, cognitive business, consulting, cybersecurity, enterprise solutions, industrial autonomy and engineering, network solutions and services, TCS interactive, and sustainability services. It serves banking; capital markets; consumer packaged goods and distribution; communications, media, and information services; education; energy, resources, and utilities; healthcare; high tech; insurance; life sciences; manufacturing; public services; retail; and travel and logistics industries. The company was founded in 1968 and is based in Mumbai, India. The company operates as a subsidiary of Tata Sons Private Limited."
TATACONSUM.NS,Tata Consumer Products Limited,Consumer Defensive,Packaged Foods,951.3,94149.2076544,57.584743,4.3206735,7.381437190660326,8.294547448534564,0.12159,10.458,7.837999599999999,11.926778282076867,27.780936705072577,13.87405639185082,,1.04,-25.8361269197786,-16.206986,"Tata Consumer Products Limited, together with its subsidiaries, manufactures, distributes, and trades in food products in India, the United States, the United Kingdom, and internationally. It operates through Branded Business and Non Branded Business segments. The company provides tea, coffee, water, salt, pulses, spices, snacks, ready-to-eat packaged and processed food products, ready to cook, ready to drink beverages, breakfast cereals, sauces, instant masala noodles, meal solutions, staples, mini-meals, breakfast, chilli ginger garlic paste, cooking aids and condiments, dry fruits, floor and millets, honey, chutneys, and cold-pressed oils. It also offers health supplements; glucose and jelly drinks; juices; food; and out-of-home consumptions products. The company provides its products primarily under the Tata Tea, Tata Tea Premium, Tetley, 1868 by Tata Tea, Organic India, Tata Coffee Grand, Tata Coffee Gold, Tata Coffee Quick Filter, Sonnets by Tata Coffee, Tata Salt, Tata Sampann, Smith & Jones, Tata Soulfull, Himalayan honey and preserves, Ching's Secret, Tata Simply Better, Himalayan water, Tata Copper+, Tata Gluco+, Tata Coffee Grand Cold Coffee, Zip Zap, Tetley Ready-To-Drink Green Tea, Tata Starbucks, Tata Consumer Specialist Solutions, Tata MyBistro, Good Earth, Teapigs, Eight O'Clock, Vitax, Himalayan, Laager, Tea4Kidz, Tea time, Society Coffee, Phendula, Teeco, Southalls, Tata Tea Gold, Kanan Devan, Chakra Gold, Tata Tea Agni, Joekels, Tata Coffee Cold Coffee, Tata Fruski, Tata GoFit, Himalayan Honey & Preserves, Himalayan Saffron, and Tata MyBistro Vending brands. The company was formerly known as Tata Global Beverages Limited and changed its name to Tata Consumer Products Limited in February 2020. Tata Consumer Products Limited was incorporated in 1962 and is based in Mumbai, India."
TMPV.NS,Tata Motors Passenger Vehicles Limited,Consumer Cyclical,Auto Manufacturers,285.15,105020.5159424,,0.93695784,72.20479203547579,0.5532655996544388,0.70364,2.688,22.814,8.820187971219063,-80.24974515800204,-0.9313945411774216,,1.07,-60.31315240083508,-60.794219999999996,"Tata Motors Passenger Vehicles Limited designs, develops, manufactures, and sells various automotive vehicles. The company offers passenger and electric vehicles, as well as related spare parts and accessories. It also manufactures engines for industrial applications. In addition, the company provides information technology and vehicle financing services. It operates in India, China, the United States, the United Kingdom, rest of Europe, and internationally. The company was formerly known as Tata Motors Limited and changed its name to Tata Motors Passenger Vehicles Limited in October 2025. Tata Motors Passenger Vehicles Limited was incorporated in 1945 and is headquartered in Mumbai, India."
TATASTEEL.NS,Tata Steel Limited,Basic Materials,Steel,178.71,222928.5158912,20.19322,2.1835976,11.165844476554133,11.322379211111947,0.8901699999999999,9.252,4.601999999999999,14.5375773996963,11.583593238612288,-1.589860941996224,,2.25,-20.36096256684492,4.668939,"Tata Steel Limited engages in the manufacture and distribution of steel products in India and internationally. It offers reinforcement bars (rebars) and wire rods, cut-and-bend reinforcement bars, welded wire mesh, prefabricated cages (pre-cages), steel couplers and carpet reinforcement; hot-rolled, cold rolled, coated coil, tubes, rebar, wire rods; and metallic coated, pre-finished steels, alloy steels, and profiles and construction systems. The company also provides solutions in building envelopes, structural, fit-out, foundations, and highway engineering products, as well as operates steel service centers. It serves agricultural, automotive steels, construction, consumer goods, energy and power, engineering, and material handling industries. It has a strategic collaboration with Hindustan Zinc Limited to scale low-carbon zinc solutions. The company was incorporated in 1907 and is based in Mumbai, India."
TECHM.NS,Tech Mahindra Limited,Technology,Information Technology Services,1539.2,136361.3319168,26.611341,4.602761,16.887194635018755,19.81681525813047,0.07269,14.408999999999999,8.6780004,17.681556714003243,28.44993862879186,2.1581233101096498,,3.33,-16.979503775620273,6.510115,"Tech Mahindra Limited provides information technology services and solutions in India, the Americas, Europe, and internationally. The company offers TechM AppGinieZ, a software development lifecycle acceleration platform; Swifter.io, a software engineering platform; ADMSNXT Reforge, an application modernization platform; Autonomous Operations Center, an AI-powered operations platform; and New Age Delivery Platform for DevSecOps and engineering. It also provides LitmusT, a quality engineering and intelligent testing platform; TechM Orion, an agentic AI platform; Ops amplifAler 4.0 for IT operations; Email amplifAler for visualization and automation; SDLC amplifAler solutions; Zone insights solutions for monitoring of object movement; synthetic data generation, freightwatch solutions, cognitive process monitoring, and guardrails framework for AI; VerifAI for scaling AI; and MobiLytix for marketers. In addition, the company offers netOps.ai, an automated cloud platform; AftEAZE solution for warranty and aftermarket problems; AI maturity assessment, generative AI studio, and generative AI performance monitoring; Vision amplifAler, a vision-based solution; Document amplifAler, a digital assistant; and AI-led care, forecasting workbench, AI store, AI adoption, AIOps solution suite, intelligent asset inspection platform, and legal artificial assistant. Further, the company provides business process services, such as consulting CoE and business-process-as-services; Navixus, a digital transformation suite; Cloud and infrastructure services, including enterprise mainframe, FLEX digital workplace, data center services, and CLOUDNXT.NOW, a cloud service; and digital enterprise applications comprising SAP, Oracle, Salesforce, ServiceNow, enterprise digital solutions, digital process solutions, and Emerging Apps. Additionally, it offers engineering, experience, network, and testing services. The company was incorporated in 1986 and is based in Pune, India."
TITAN.NS,Titan Company Limited,Consumer Cyclical,Luxury Goods,4586.8,406992.4012032,70.69667,25.931995,37.12811505104842,38.429314329738055,1.95001,12.333999599999999,6.2319998000000005,40.3199675982179,62.87809349220899,29.23622602963414,,0.33,-11.566121040353206,31.829858,"Titan Company Limited, together with its subsidiaries, manufactures and sells watches, jewelry, eyewear, fragrances, women's bags, and other accessories and products in India and internationally. The company operates through four segments: Watches and Wearables, Jewellery, Eyecare, and Others. The company designs, manufactures, and retails watches and wearables under the Nebula, Titan, Titan Clock, Zoop, Titan Octane, Titan Raga, Xylys, Edge, Fastrack, Sonata, Titan Smart, Fastrack smart, SF, Titan World, and Helios brands; jewellery products under the Mia, CaratLane, Tanishq, and Zoya brands; and eyecare products under the Titan Glares, Titan Eye+ and Fastrack Eyecare brands. It also offers sarees, dress materials, and ready-to-wear kurtas under the Taneira brand; perfumes under the SKINN brand; belts and wallets under the TITAN brand; and bags under the Fastrack and IRTH brands. In addition, the company provides manufacturing services and automation solutions for the aerospace, defense, transportation, electrical and electronics, and medical sectors. Further, it provides automation and precision engineering solutions. It offers its products through owned and franchised retail stores, as well as online. The company was formerly known as Titan Industries Limited and changed its name to Titan Company Limited in August 2013. Titan Company Limited was incorporated in 1984 and is based in Bengaluru, India."
TRENT.NS,Trent Limited,Consumer Cyclical,Apparel Retail,2580.3,137589.9353088,76.07017,19.69875,27.632845428645346,28.233690515744474,0.36034,12.49,8.637,17.840351552581346,20.78707905699457,34.75320487739142,,0.16,-47.426650366748156,-45.994597999999996,"Trent Limited engages in the retailing and trading of apparels, footwear, accessories, food, grocery, and non-food products in India. The company provides apparel, footwear, and accessories for men, women, and children, as well as furnishings, decor, and a range of home accessories under the Westside brand; apparels and footwear for men, women, and children under the Zudio brand; apparel, footwear, innerwear, beauty, and accessories for women under the Utsa brand; and luxurious, differentiated, and elevated occasion wear for men and women under the Samoh brand. It also operates Star Hypermarket, a convenience store chain that offers a range of products, including staple foods, beverages, health and beauty products, apparel, home furnishings, vegetables, fruits, dairy, and non-vegetarian products; and Booker Wholesale, a cash and carry chain of stores, which provides various products, such as staple foods, beverages, health and beauty products, dairy, non-vegetarian products, and non-food products to caterers, retailers, and other businesses. In addition, the company engages in the operation of StarQuik for online grocery retailing. Further, it operates a youth-focused fashion brand under the Burnt Toast brand name. Additionally, the company engages in the provision of business support and outsourcing services relating to accounting, merchandising, human resources, payroll, sourcing, warehousing, distribution, etc.; franchisee business; invest and deploy funds related to acquisition, purchase, development, construction, leasing, sale, or otherwise dealing in real estate properties; and investment activities. It offers its products online through Westside.com, Tata CliQ, and Tata Neu, as well as My Star App. Trent Limited was incorporated in 1952 and is based in Mumbai, India."
ULTRACEMCO.NS,UltraTech Cement Limited,Basic Materials,Building Materials,10824.0,318409.1987968,37.3087,4.1549234,11.084848783086919,11.844637877802239,0.29431999999999997,15.478,9.2930004,15.852778672131485,16.77433846983243,11.916250682385199,,2.24,-17.437070938215104,-11.157197,"UltraTech Cement Limited, together with its subsidiaries, engages in the manufacturing, marketing, and distribution of building materials in India and internationally. It offers grey cement, including ordinary Portland, composite, and weather plus, as well as Portland pozzolana, pozzolana super, and slag cement; white cement, wall care putty, and value-added products; and ready-mix concrete. The company also provides tile adhesives, gouts, cleaners, and fixing accessories; waterproof coatings, preformed membranes, and repair and integral waterproofing solutions; and ready-mix plasters and industrial and precision grouts. It also provides building solutions and support services; and infrastructure solutions, such as decorative, durability multiplayer, smart repair, advance structural, and floor and slab solutions. The company was formerly known as UltraTech CemCo Limited and changed its name to UltraTech Cement Limited in October 2004. UltraTech Cement Limited was incorporated in 2000 and is based in Mumbai, India. The company operates as a subsidiary of Grasim Industries Limited."
