ticker,name,sector,industry,price,market_cap_cr,pe,pb,roe_pct,roce_pct,debt_to_equity,op_margin_pct,net_margin_pct,revenue_growth_pct,earnings_growth_pct,revenue_cagr_3y_pct,fcf_yield_pct,dividend_yield_pct,pct_from_52w_high,return_12m_pct,score
KIRIINDUS.NS,Kiri Industries Limited,Basic Materials,Specialty Chemicals,544.5,3548.397568,0.5864992,0.51756537,114.97490644594326,91.87814824805743,0.00649,1.268,615.509,54.53956697140223,2763.6373502772462,-3.5583370347121446,,0.0,-30.102695763799748,-8.1231534,96.7
NATIONALUM.NS,National Aluminium Company Limited,Basic Materials,Aluminum,336.95,61885.3105664,9.166214,2.8640277,29.419614480393513,33.32510011719469,0.0027700000000000003,47.623003000000004,34.908,39.2819429778247,90.86976407363647,7.753459458243239,,1.19,-24.306413568460073,54.225194,86.4
EMMVEE.NS,Emmvee Photovoltaic Power Limited,Technology,Solar,296.75,20545.339392,15.860503,5.5578446,51.11618320613934,34.49460879510483,0.09745,29.842999999999996,22.844,51.340769822684564,102.63272035159065,102.68333000110519,,0.33,-20.13187996232001,39.425706999999996,83.7
HINDZINC.NS,Hindustan Zinc Limited,Basic Materials,Other Industrial Metals & Mining,559.9,236575.6276736,13.862343,10.454478,76.9406202197191,61.969385129920255,0.39033999999999996,54.706999999999994,38.068000000000005,71.69015939928862,144.80752014324082,5.61027488857091,,1.98,-23.61527967257845,12.929809,82.7
GKENERGY.NS,GK Energy Limited,Utilities,Utilities - Renewable,113.89,2309.8857472,9.894874,2.6036165,37.25538825134171,34.59940554273284,0.23151,16.112000000000002,11.955,55.54611344085028,59.85689017526934,81.83183558114177,,0.44,-52.46661101836394,-33.939672,82.0
SPARC.NS,Sun Pharma Advanced Research Company Limited,Healthcare,Drug Manufacturers - Specialty & Generic,191.43,6212.3167744,3.921942,4.6401644,276.89332327402093,111.84580335228699,0.41776,-90.681,82.97099999999999,314.1078838174274,,-45.2683855042173,,0.0,-33.76124567474048,47.16853,81.8
OFSS.NS,Oracle Financial Services Software Limited,Technology,Software - Infrastructure,10430.0,90847.4056704,26.656786,13.1098995,49.897000000000006,43.243624066506975,0.00567,59.574000000000005,38.153999999999996,68.72907893316057,120.51721451939557,10.422121377912408,3.399574195002328,3.84,-16.826156299840513,14.587343,81.6
WEBELSOLAR.NS,Websol Energy System Limited,Technology,Solar,68.0,2952.3116032,9.523809,4.8812003,66.68353928936914,48.237925095750974,0.20729,27.848,26.063,70.33142857142857,15.793390890145886,293.4482598982004,,0.36,-50.68890500362582,-41.680813,81.3
CHENNPETRO.NS,Chennai Petroleum Corporation Limited,Energy,Oil & Gas Refining & Marketing,1359.9,20250.46016,4.851588,1.8229101,32.12593174727918,33.43506360679493,0.17679999999999998,5.1149998000000005,5.4780003,84.77481108516409,,-6.046735305378103,,4.6,-18.93293591654247,66.69556,80.3
SHANTIGOLD.NS,Shanti Gold International Limited,Consumer Cyclical,Luxury Goods,314.5,2268.6529536,11.073944,3.4713025,38.07896234732511,32.593792624776356,0.36138,9.902000399999999,6.3990004,144.68585090940144,46.94222092854024,43.76346774619917,,0.0,-5.5810741841544225,45.496809999999996,80.0
WAAREERTL.NS,Waaree Renewable Technologies Limited,Industrials,Engineering & Construction,811.15,8466.7203584,16.66975,9.037581,68.8886627915762,61.63097829987798,0.15598,18.145001,13.911999999999999,53.2281761274884,34.07535514321411,111.74338763354234,,0.0,-40.26877761413844,-22.350228,79.3
GESHIP.NS,The Great Eastern Shipping Company Limited,Industrials,Marine Shipping,1561.8,21984.5378048,5.963117,1.3145103,18.849228019659435,17.429796346357197,0.06409,54.431,60.307,66.90886996762299,159.43310208126857,-1.6485037358480836,,3.76,-13.136818687430484,44.185387999999996,78.7
VEDL.NS,Vedanta Limited,Basic Materials,Other Industrial Metals & Mining,254.05,99201.4893056,10.687841,1.9979396,43.95551623910022,21.29190231640989,0.48044,31.16,23.205000000000002,50.96865546759348,71.83673469387755,-19.21076805328038,,10.71,-68.0440251572327,-46.463466,78.6
CASTROLIND.NS,Castrol India Limited,Energy,Oil & Gas Refining & Marketing,198.29,19613.3060608,18.479963,10.290088,56.996,65.01495001560438,0.027839999999999997,24.779,17.066,25.028894396825297,42.50000000000001,6.194863393152783,3.594320179446817,6.28,-4.300193050193046,-1.8830717000000001,75.5
DPABHUSHAN.NS,D. P. Abhushan Limited,Consumer Cyclical,Luxury Goods,2018.2,4607.1308288,19.219122,7.268419,40.866347964798365,45.79234350635842,0.48027000000000003,10.718001000000001,5.48,57.743362340554036,76.94434377711154,27.006837116464098,,0.0,-0.17805915520822113,29.832340000000002,73.5
LCL.NS,Lohia Corp Limited,Industrials,Specialty Industrial Machinery,574.3,6067.4793472,24.958714,11.6335125,43.47522067783958,45.87113301543544,0.34009,18.625,12.765999,59.5,291.9,,,0.0,-5.759763702001974,11.9288325,72.5
PANAMAPET.NS,Panama Petrochem Limited,Energy,Oil & Gas Refining & Marketing,482.05,2916.093952,6.091104,1.9855179,15.603831566734833,17.92872610119362,0.07548,22.365999,11.66,150.3029341334641,624.8005631159081,10.865582503821525,,0.62,-19.604736490994,72.66927,71.3
WAAREEENER.NS,Waaree Energies Limited,Technology,Solar,2331.9,67077.4132736,17.599245,4.6433873,31.035425692846875,30.103167167116563,0.21402000000000002,13.994001,12.703000000000001,79.21587589220553,14.092860976918953,57.77875336979334,,0.17,-37.29428848015489,-32.006395,71.0
JAYKAY.NS,Jaykay Enterprises Limited,Industrials,Specialty Business Services,213.84,3015.4149888,14.757764,2.6691298,40.49649399248783,30.585739195467237,0.056139999999999995,10.049,77.658,34.47897788236991,-78.17516262273998,72.17245304467426,,0.0,-7.026086956521738,-4.837036,70.3
SHRINGARMS.NS,Shringar House of Mangalsutra Limited,Consumer Cyclical,Luxury Goods,219.45,2116.2018816,16.650227,3.1189153,26.287972248904023,23.252845643229616,0.27898,8.686,4.915,64.90682669585036,19.277319768461677,41.4131550459659,,0.0,-17.6547842401501,10.373545,69.5
DDEVPLSTIK.NS,Ddev Plastiks Industries Limited,Basic Materials,Specialty Chemicals,245.15,2536.7304192,11.888942,2.5027308,21.841498720946955,27.693413372295446,0.05608,8.7349996,6.7379996,28.631378332859914,22.32487325218404,5.594039617377455,,0.71,-31.90277777777778,-28.806788,69.0
GRSE.NS,Garden Reach Shipbuilders & Engineers Limited,Industrials,Aerospace & Defense,2121.6,24303.353856,30.351933,9.25388,31.790608349643033,36.76188600803551,0.01424,7.48,10.665,38.53410882031445,43.82135415626518,40.023686374924,,0.93,-36.46001796945193,-23.076081000000002,68.9
BLS.NS,BLS International Services Limited,Industrials,Specialty Business Services,216.0,8888.8803328,12.624196,3.608661,32.74503832693349,26.09133783659229,0.15468,24.783,22.207001,25.32649708619321,11.150747609334367,25.5171783380979,,1.15,-39.83286908077994,-34.638488,67.5
ATLANTAELE.NS,Atlanta Electricals Limited,Industrials,Electrical Equipment & Parts,1806.7,13892.9127424,31.399025,14.95068,31.548259430396563,32.18966921195863,0.054610000000000006,14.360999999999999,10.857999999999999,47.989590936498374,50.41746949261401,28.103413667778156,,0.0,-16.068939886648703,91.44546,67.4
SHARDAMOTR.NS,Sharda Motor Industries Limited,Consumer Cyclical,Auto Parts,919.55,5278.9252096,15.900916,4.019557,29.088488455729916,33.702315048067035,0.03744,8.7460004,9.092,33.69511936625032,-13.418784176585064,7.99897218235337,,2.15,-22.720396671989253,-14.734232,67.3
HINDCOPPER.NS,Hindustan Copper Limited,Basic Materials,Copper,472.85,45725.7320448,40.276833,13.69389,30.602276109235362,34.51226605267828,0.03319,48.891996999999996,32.494,81.36220152216434,162.47299813780262,22.5392755903969,,0.62,-37.78698769817774,36.750996,67.1
SWARAJENG.NS,Swaraj Engines Limited,Industrials,Farm & Heavy Construction Machinery,3538.2,4298.8650496,21.297777,8.792502,43.23356842214105,52.823702664880834,0.00419,12.0699994,9.561,21.54306961371617,11.126676005603354,12.211313316456573,,3.11,-20.264118628025418,-13.939023,66.6
BEPL.NS,Bhansali Engineering Polymers Limited,Basic Materials,Chemicals,124.76,3104.7581696,15.517413,2.8662012,17.27930915487946,22.450177301699206,,17.061001,13.877,53.3417687315205,42.940538137698404,-2.1638934469166426,,3.23,-9.920577617328519,23.095286,65.7
GOLDIAM.NS,Goldiam International Limited,Consumer Cyclical,Luxury Goods,311.3,4686.8430848,22.427954,4.237565,18.482453302663657,20.293062679920308,0.06931,18.802999,19.657,41.916175223608775,120.05711565920988,22.36330497353105,,0.9,-21.823204419889496,9.499276,65.7
MPIMANIPAL.NS,MANIPAL PAYMENT & IDE S L,Technology,Software - Infrastructure,394.45,9143.529606959999,36.088745,,46.24598708020001,43.44656357331335,0.19302,25.798,20.386000000000003,49.6,115.9,13.732676606355865,,0.0,-13.875545851528381,16.297257000000002,65.7
MAYURUNIQ.NS,Mayur Uniquoters Limited,Consumer Cyclical,Textile Manufacturing,704.45,3061.0184192,14.774539,2.7024903,18.36525478462587,22.6035429750623,0.00687,19.098000000000003,20.299,24.716492994837335,37.78674215732731,7.751991837948058,,0.84,-22.331863285556775,41.29269,65.4
SUZLON.NS,Suzlon Energy Limited,Industrials,Specialty Industrial Machinery,38.89,53459.8385664,17.057018,5.467454,39.366,24.76149017735526,0.028069999999999998,13.05,18.090001,22.52023366149878,-5.889245189935865,41.38780412426251,,0.0,-36.764227642276424,-28.090924,65.3
HEROMOTOCO.NS,Hero MotoCorp Limited,Consumer Cyclical,Auto Manufacturers,5116.0,102392.2405376,18.803293,4.736708,28.088436261029276,31.90830235439901,0.035699999999999996,11.628000400000001,10.724,34.937164298013414,-17.17772343706936,11.723108913184443,,3.58,-19.918603741097286,-7.408404,65.2
VEEDOL.NS,Veedol Corporation Limited,Basic Materials,Specialty Chemicals,1343.2,2282.7495424,10.381821,2.2042544,19.65676066596227,22.189051975933143,0.01534,14.807001,9.717,18.334370381893137,56.87537749144354,5.193743797273864,,4.28,-31.601996129952127,-28.077614,64.8
IGIL.NS,International Gemological Institute Limited,Basic Materials,Other Precious Metals & Mining,314.2,13578.4579072,23.03519,9.125233,34.563816750051565,38.39913729138216,0.09594,56.596000000000004,44.739000000000004,23.200000000000003,32.0,29.5798288869586,,1.63,-19.083183105846004,-11.239153,64.0
JSLL.NS,Jeena Sikho Lifecare Limited,Healthcare,Medical Care Facilities,456.95,5679.9219712,24.075344,12.163278,61.33375060960303,54.48197623321781,0.27261,34.168997000000005,27.776,28.756715259237843,28.571094344036972,57.66306358674316,,0.94,-45.275449101796404,-36.574107,63.5
LUPIN.NS,Lupin Limited,Healthcare,Drug Manufacturers - Specialty & Generic,2012.0,92006.744064,16.665285,4.0976176,26.8983704888836,28.331516524919316,0.29388000000000003,25.354,18.450001,33.31543297505577,16.075896409440293,19.101240551796895,,0.89,-20.45858865388417,4.846954299999999,63.5
BAJAJCON.NS,Bajaj Consumer Care Limited,Consumer Defensive,Household & Personal Products,487.85,6372.214784,29.212574,8.651357,25.308914045960897,30.209271052566738,0.02092,23.294,18.059,28.26820117116544,84.81294067550868,6.717082524372975,,0.0,-29.501445086705203,104.87614,63.4
CMPDI.NS,Central Mine Planning & Design Institute Limited,Basic Materials,Other Industrial Metals & Mining,207.23,14796.222,22.623362,6.481609,28.354554471698854,34.590027631037465,0.00064,28.566000000000003,27.375,17.622480146609654,53.877713075701436,18.672156078304326,,0.52,-26.951954598329163,32.662594,63.2
APCOTEXIND.NS,Apcotex Industries Limited,Basic Materials,Specialty Chemicals,585.0,3032.9300992,18.81634,4.8840356,17.273654114542396,21.01632480045416,0.15522,19.784,10.128999499999999,39.88390588669859,312.01342421996515,10.09382383944255,,1.35,-17.83707865168539,58.284414,63.1
GULFOILLUB.NS,Gulf Oil Lubricants India Limited,Basic Materials,Specialty Chemicals,1083.2,5367.8546944,14.417676,3.482667,23.19073291817155,29.164326624790228,0.35780999999999996,11.022,8.584999999999999,30.5731163759412,28.446799590340888,10.603925786487235,,5.49,-15.991934232976579,-11.2104,63.0
INDOTECH.NS,Indo Tech Transformers Limited,Industrials,Electrical Equipment & Parts,3333.0,3539.6460544,35.643246,9.468912,28.350491284015717,32.651711032987016,0.01391,13.186,11.737,39.01665344964314,34.06364110589464,28.113447348602616,,0.3,-17.295285359801493,78.40545,62.9
IMFA.NS,Indian Metals and Ferro Alloys Limited,Basic Materials,Other Industrial Metals & Mining,1156.8,6241.411072,11.903685,2.2967284,16.75085919810809,18.547452872638846,0.35121,26.848,16.670999000000002,49.7100726377155,108.4082782533319,1.9155439637257299,,1.06,-31.138758259420207,1.1518001999999998,62.7
STYL.NS,Seshaasai Technologies Limited,Technology,Software - Infrastructure,364.0,5889.7317888,21.954163,4.1250668,23.25207395013994,23.23339396348539,0.05865,20.329,17.488999999999997,21.10089972432472,63.511495968945965,7.915472969759607,,0.68,-16.26409017713365,-13.00214,61.9
VENUSREM.NS,Venus Remedies Limited,Healthcare,Drug Manufacturers - Specialty & Generic,1757.9,2352.5435392,20.226671,3.5399425,16.78601992965284,19.393084188299202,0.0187,15.329999999999998,14.316999999999998,30.38343781892403,139.27083333333331,9.900052965014282,,0.56,-14.009685466907984,281.99213,61.6
SEAMECLTD.NS,Seamec Limited,Industrials,Marine Shipping,1561.0,3982.7378176,15.452386,3.0493999,21.770887997059305,18.687882537002604,0.27069,24.936001,24.733,40.77375308173714,7.192820377458098,29.476237874963097,,0.13,-15.575987020010817,77.04135,61.4
TANLA.NS,Tanla Platforms Limited,Technology,Software - Application,487.8,6441.4339072,12.1403675,2.6001163,21.409348029620453,25.194152119850244,0.021179999999999997,13.719999999999999,11.576,17.847949134377483,20.06768249528317,9.610960103735966,,2.46,-34.82530563163873,-31.486165999999997,60.8
MSTCLTD.NS,MSTC Limited,Industrials,Conglomerates,694.95,4892.4479488,20.875639,5.412046,26.60009535123168,31.285984849092713,0.16041,58.120000000000005,60.627997,21.715775796823287,37.497815418188,4.404449801570021,,2.22,-13.670807453416145,32.35818,60.4
DYCL.NS,Dynamic Cables Limited,Industrials,Electrical Equipment & Parts,437.0,2117.6426496,23.219978,4.6313467,20.318503685524085,25.81375253899193,0.09423999999999999,10.065,7.097,33.22674464089381,37.049282972027385,21.440538421004618,,0.12,-21.964285714285715,5.379784,60.4
HAWKINCOOK.NS,Hawkins Cookers Limited,Consumer Cyclical,"Furnishings, Fixtures & Appliances",7939.5,4198.260736,30.954424,9.429089,31.669219299813673,37.8701090626205,0.066,12.231,10.183,33.06424627739668,17.11642251349268,7.31336012247068,,1.74,-17.296875,6.011176,60.4
SANDUMA.NS,The Sandur Manganese & Iron Ores Limited,Basic Materials,Steel,178.0,8652.6656512,12.067797,2.659336,22.38658659443574,25.668128131259365,0.30577000000000004,21.271999,13.456000000000001,21.08545156687629,36.28398247614475,33.53719424710129,,0.28,-34.798534798534796,-12.911128999999999,59.9
MPSLTD.NS,MPS Limited,Communication Services,Publishing,2638.9,4479.6731392,23.784588,7.509483,32.23424710110373,33.426633820732995,0.10167,30.347002,23.361,20.37792570324244,42.99091940976163,15.363544047991162,,0.0,-11.416582745887883,22.376382,59.9
SCI.NS,The Shipping Corporation of India Limited,Industrials,Marine Shipping,278.7,12981.8189824,8.022452,1.4265242,15.543631301186867,14.139579641141337,0.29454,32.518002,25.642002,40.31184462478343,74.87082474517888,-0.13222754369073275,,2.81,-24.420338983050847,19.144285,59.4
SJS.NS,S.J.S. Enterprises Limited,Consumer Cyclical,Auto Parts,2056.5,6632.1154048,31.809744,7.581874,22.09601328624122,25.771827604057673,0.026389999999999997,24.105999999999998,20.897,24.48749868834006,114.59568928106467,30.146407941993147,,0.16,-20.5984555984556,39.738606999999995,59.1
VADILALIND.NS,Vadilal Industries Limited,Consumer Defensive,Packaged Foods,7088.5,5095.0934528,23.244793,5.992314,20.069616076396528,20.752069462363565,0.26996,22.179002,13.064,34.24268145837856,95.44640191101821,12.390495754601938,,0.6,-16.08263288741565,32.674910000000004,59.1
PACEDIGITK.NS,Pace Digitek Limited,Technology,Communication Equipment,162.72,3512.3326976,10.62141,1.4504225,17.622208739624888,16.064291706144594,0.43555999999999995,14.698,10.7700005,51.292773490175136,13.246537396121894,73.86633307226951,,0.0,-29.846949773658118,-23.230422,58.9
VIKRAMSOLR.NS,Vikram Solar Limited,Technology,Solar,152.47,5524.8171008,15.111001,1.7439692,21.33550004773514,20.492762602594446,0.20366,3.966,6.821000000000001,37.89023595221146,-85.17066074802796,32.31730631430327,,0.0,-56.97799097065462,-52.834225,58.5
EICHERMOT.NS,Eicher Motors Limited,Consumer Cyclical,Auto Manufacturers,6998.5,192124.0137728,33.302402,7.6485085,23.774264688132586,26.432207130692515,0.02048,19.798,23.211999,31.201750235561974,21.347969665289334,17.467525148496698,,1.19,-14.963547995139736,0.58139563,58.5
POCL.NS,Pondy Oxides And Chemicals Limited,Basic Materials,Specialty Chemicals,439.7,3353.9524608,27.42982,4.2540226,19.093679350707756,24.0941567420232,0.19293,5.284,4.3330003,55.082820670282274,42.57977349493345,25.264245022181875,,0.46,-32.10315009264979,-11.9093716,58.1
VERANDA.NS,Veranda Learning Solutions Limited,Consumer Defensive,Education & Training Services,210.9,2035.3243136,13.22257,2.1163437,17.366250091748736,14.052892678652809,0.39893,25.087,25.761,41.51565307993901,,43.328492478636235,,0.0,-22.605504587155956,-7.824963,57.8
BANCOINDIA.NS,Banco Products (India) Limited,Consumer Cyclical,Auto Parts,585.1,8369.1118592,17.038439,4.967441,32.250429882782974,34.60278995844146,0.3644,15.043001,12.031999,21.831717092011548,11.742147552958372,18.904224518476177,,2.71,-33.49624914753352,-32.592422,57.7
TCS.NS,Tata Consultancy Services Limited,Technology,Information Technology Services,2098.9,759400.38915302,15.256959,6.926742,47.743,54.92762930395693,0.10211,23.963,18.052,13.93193246843325,4.615987460815041,5.801848619364591,,3.13,-37.34626865671642,-30.56485,57.4
NIITMTS.NS,NIIT Learning Systems Limited,Consumer Defensive,Education & Training Services,198.05,2729.4152704,10.875893,1.7644281,17.997585772111563,17.355861362292643,0.20620999999999998,12.652000999999998,12.385,25.19685213823295,16.445246739549326,12.751507335495926,,1.7,-55.38409551700833,-42.558247,57.0
ESABINDIA.NS,ESAB India Limited,Industrials,Tools & Accessories,5496.5,8460.7737856,38.122486,19.704601,52.28488673589416,60.816407454729706,0.0078000000000000005,17.703,14.068,19.629566501903305,37.12750366389839,11.432541208364032,,1.82,-24.906072819181635,11.71931,57.0
POLYCAB.NS,Polycab India Limited,Industrials,Electrical Equipment & Parts,8088.0,121833.6391168,42.436646,10.068042,25.549,30.440495866579553,0.01738,12.718001000000001,9.184000000000001,39.0072021965548,32.462283891299236,26.570413643814604,1.47933196534673,0.59,-20.126407268417935,4.9175978,56.8
ESCORTS.NS,Escorts Kubota Limited,Industrials,Farm & Heavy Construction Machinery,2749.6,30253.1313664,21.881268,2.486247,21.056543136365896,14.376968889770511,0.01309,9.024999000000001,11.291,28.29943401131978,-72.37583296948702,11.286456957187529,,1.24,-31.049701589849043,-24.5929,56.7
BALUFORGE.NS,Balu Forge Industries Limited,Industrials,Metal Fabrication,503.2,6108.440576,20.957935,3.26696,19.555606242009052,19.480675242306,0.09523999999999999,27.087998000000002,22.806999,28.95362699188666,15.88951880603715,49.57241271820896,,0.03,-25.78171091445428,-23.780203,56.6
ECLERX.NS,eClerx Services Limited,Technology,Information Technology Services,1863.5,17148.9099776,24.330854,6.730231,29.019428167555617,32.68166858903251,0.15012,18.712,16.814,23.30539849939437,15.996837900026817,15.83770682489931,,0.06,-25.385385385385383,-10.276699,56.4
UNIPARTS.NS,Uniparts India Limited,Industrials,Farm & Heavy Construction Machinery,827.0,3731.6907008,20.716434,4.288841,18.014467011140987,21.99316457829394,0.17771,20.195,14.505,26.94403332785178,64.25545496750232,-4.7949927703818895,,1.95,-9.711228778863479,96.87612,56.1
GMBREW.NS,G.M. Breweries Limited,Consumer Defensive,Beverages - Wineries & Distilleries,954.7,2181.195776,12.929307,2.0228796,15.552399112447468,19.06108870293453,0.032010000000000004,5.598,8.878,22.54697286012526,45.939675174013914,8.018685725289476,,0.95,-28.153220951234193,29.330254,55.7
FIEMIND.NS,Fiem Industries Limited,Consumer Cyclical,Auto Parts,1787.0,4703.3233408,17.886097,3.8710153,22.68632917449608,26.438326588224157,0.05395,10.9910004,9.0270005,18.512813353022217,12.800787205819208,15.038330329786032,,2.23,-33.19126663675789,-6.0510874,55.7
PIXTRANS.NS,PIX Transmissions Limited,Industrials,Specialty Industrial Machinery,1829.4,2492.594176,18.916348,3.5778127,16.53601674839619,19.615572727509296,0.034769999999999995,26.681998,21.55,22.80195367268083,89.3326585259047,5.9940482011273,,0.5,-12.426998563906167,24.282181,55.4
DIXON.NS,Dixon Technologies (India) Limited,Technology,Consumer Electronics,12808.0,77875.0656512,37.448105,14.267176,37.43110004462154,34.094857929711374,0.18457,2.2909999,3.639,21.128636938030464,194.89265235364718,58.57039335745311,,0.08,-26.832333618966008,-25.473857,54.8
MSUMI.NS,Motherson Sumi Wiring India Limited,Consumer Cyclical,Auto Parts,32.94,21844.6938112,34.673683,10.104294,32.39378238341969,35.44123797574237,0.10788,5.8549999999999995,5.088,36.3993647313007,1.5513626834381622,17.624999214461656,,1.73,-38.533308453069615,-26.210386000000003,54.7
IRCTC.NS,Indian Railway Catering & Tourism Corporation Limited,Consumer Cyclical,Travel Services,455.6,36448.0004096,26.153847,8.459439,34.959169887031045,41.146169448750236,0.01874,27.33,25.677,18.095346910055433,-0.16467928663569387,13.771835423448486,,1.98,-38.07679238871899,-36.064768,54.7
KINGFA.NS,Kingfa Science & Technology (India) Limited,Basic Materials,Specialty Chemicals,6573.0,8907.3229824,39.468,6.365516,17.41218738921094,17.89355520926012,0.011009999999999999,15.831000000000001,10.1560004,49.0632542333401,101.57196350933626,12.438966990413892,,0.3,-1.5649569449644352,46.885656999999995,54.6
COFORGE.NS,Coforge Limited,Technology,Information Technology Services,1846.4,81802.6512384,37.81282,6.5022554,19.547899075190994,18.648769175882983,0.07518,15.959999999999999,9.64,49.219846668826264,63.390044108380586,26.931964009288368,,0.88,-8.6483277261033,9.841192,54.3
SHARDACROP.NS,Sharda Cropchem Limited,Basic Materials,Agricultural Inputs,719.75,6493.620224,10.369543,2.0703473,24.156613932171624,25.25740656138728,0.00104,3.965,11.851,9.032512312469777,-38.340842507646336,9.224942832041162,,2.12,-44.506553585196606,-15.50101,53.9
ADVAIT.NS,Advait Energy Transitions Limited,Industrials,Specialty Industrial Machinery,1858.8,2032.9281536,34.659706,7.311461,21.529824637351176,26.599018856382184,0.44021,13.281,7.384,51.371545383388465,66.04601135345085,91.16432023838496,,0.11,-25.199195171026155,33.855438,53.4
REDINGTON.NS,Redington Limited,Technology,Information Technology Services,409.2,31990.2089216,18.805147,3.148419,15.784748993341196,18.772724962692948,0.2726,1.881,1.3259999,34.56567299848683,76.54666327605624,14.506346709108374,,1.51,-2.4553039332538718,43.716145,53.2
HCLTECH.NS,HCL Technologies Limited,Technology,Information Technology Services,1206.7,326504.8608768,18.772556,4.423725,24.067,27.206509380329734,0.07058,16.877002,12.966,13.93785627203532,20.32266458495966,8.654772035396308,0.05552750213676295,4.83,-32.21167350148867,-12.315719999999999,53.2
TRAVELFOOD.NS,Travel Food Services Limited,Consumer Cyclical,Restaurants,1210.6,15944.8301568,33.562515,11.05379,35.33708796953985,41.79901190393926,0.16722,26.619999999999997,27.594,20.575703765324448,38.08486063590995,15.62073081492532,,0.85,-17.69664831055817,-12.131791999999999,53.1
INDRAMEDCO.NS,Indraprastha Medical Corporation Limited,Healthcare,Medical Care Facilities,337.5,3093.963776,16.455387,4.177808,27.4664373060095,30.292890084082696,0.04979,16.755,12.34,11.255683997151156,8.530897784687141,10.193709357126558,,1.18,-47.33556994616524,-29.177994,52.5
TIPSMUSIC.NS,Tips Music Limited,Communication Services,Entertainment,644.7,8197.9826176,38.397854,31.7024,92.331370797449,110.17898496846156,0.01962,49.368,54.473996,20.942585535788094,-4.6670069897117745,26.21123146491349,,1.4,-12.995951417004047,13.395524,52.5
BUILDPRO.NS,Shankara Buildpro Limited,Consumer Cyclical,Home Improvement Retail,1245.0,3019.0411776,22.919735,5.5330386,25.518998999999997,38.72391873820733,0.1114,3.4320000000000004,1.871,20.511561467726104,11.03835360149672,,2.122321075823673,0.4,-9.782608695652172,53.73823599999999,52.4
ACE.NS,Action Construction Equipment Limited,Industrials,Farm & Heavy Construction Machinery,1232.8,14673.7577984,33.59128,7.2951927,22.89700585147452,28.46216318655695,0.00393,13.841999999999999,12.796,20.488283646178385,22.27793696275071,14.960127910833677,,0.17,-2.7760252365930604,11.057162,52.3
AVANTIFEED.NS,Avanti Feeds Limited,Consumer Defensive,Packaged Foods,711.15,9689.10848,17.787645,2.9485543,19.913325354054816,23.49265346921086,0.00357,4.813000199999999,8.3500005,18.316425438622442,-42.058423154778566,5.856344380354228,,1.41,-55.38022336554147,8.015179999999999,52.0
JUBLCPL.NS,Jubilant Agri and Consumer Products Limited,Basic Materials,Specialty Chemicals,1999.9,3030.3471616,23.675861,6.5890875,32.56015298937885,34.88124051359888,0.11135,12.0459996,6.583,18.233334088899976,4.486743711760699,,,0.0,-27.358250699211794,-11.085409,51.6
TENNIND.NS,Tenneco Clean Air India Limited,Consumer Cyclical,Auto Parts,492.0,19857.3326336,33.04231,16.572353,42.99969116991746,64.33305274100317,0.04289,14.185001,10.609,20.15617355348116,-1.6553647403734995,3.8928352689320267,,0.0,-25.114155251141558,0.9372472999999999,51.5
EVEREADY.NS,Eveready Industries India Limited,Industrials,Electrical Equipment & Parts,317.55,2308.184064,12.950652,3.7052808,31.64491256618131,23.757584798769177,0.32395,13.215,11.9720004,8.972577110172653,22.295732715845197,2.880487538358989,,0.79,-19.403553299492383,-14.761841,51.1
INDIAMART.NS,IndiaMART InterMESH Limited,Consumer Cyclical,Internet Retail,1590.9,9567.4589184,19.43915,4.310086,23.146,19.969254188587605,0.00974,33.808997000000005,30.618997999999998,11.365835304235649,12.177203483108755,16.77256427499707,9.460321480547993,1.85,-37.01650896710083,-31.805557,51.0
PRASOLCHEM.NS,PRASOL CHEMICALS LIMITED,Basic Materials,Specialty Chemicals,794.0,4699.164672,39.229248,10.267949,20.37415361990257,22.456708022537224,0.24647,19.611,8.868,36.0,150.7,9.923775492604614,,0.0,-13.214558968193247,21.318924,50.8
AJANTPHARM.NS,Ajanta Pharma Limited,Healthcare,Drug Manufacturers - Specialty & Generic,3549.4,44330.4640512,39.074787,9.790426,25.39261161567705,29.409865607110223,0.058739999999999994,25.195997999999996,19.648,24.819406594250193,30.892143808255668,13.40475116851425,,1.79,-6.4963119072708135,47.287464,50.7
LTM.NS,LTM Limited,Technology,Information Technology Services,3989.4,118270.2370816,22.629759,4.820736,21.966,25.39371012282807,0.09874000000000001,15.501000000000001,11.866999400000001,17.960286974371485,16.920500757515345,8.434524873546811,4.3826433347079226,1.87,-37.95162920911424,-24.023509,50.3
QUESS.NS,Quess Corp Limited,Industrials,Staffing & Employment Services,337.75,5045.5093248,20.020746,4.318667,19.688315495610343,17.486999097665745,0.10656,1.7870000000000001,1.595,14.522221230217959,60.87332298807677,-3.7381817944708073,,1.78,-13.118971061093243,33.359778,50.2
SIYSIL.NS,Siyaram Silk Mills Limited,Consumer Cyclical,Textile Manufacturing,536.8,2435.46624,10.263863,1.6680079,16.83424426513589,21.370859586616227,0.24131,0.0089999994,9.026,14.423295654402057,137.29069241212852,4.859036580642129,,2.26,-36.757775683317625,-25.589699999999997,50.1
VOLTAMP.NS,Voltamp Transformers Limited,Industrials,Electrical Equipment & Parts,10580.0,10703.91296,33.758774,6.508018,18.07314985789591,22.335608829131377,0.0003,14.112,13.922,28.379323036418192,14.675268514421337,15.9568654825748,,0.96,-17.74858120189692,45.067477,50.0
GILLETTE.NS,Gillette India Limited,Consumer Defensive,Household & Personal Products,6899.5,22482.1690368,33.652813,23.754272,68.23903634562237,84.58286732508104,2e-05,26.795997999999997,21.035999,10.796354992076074,9.444711373464209,11.101061499309894,,2.61,-28.606167218543042,-26.762205,49.6
CAPLIPOINT.NS,Caplin Point Laboratories Limited,Healthcare,Drug Manufacturers - Specialty & Generic,2560.0,19458.9949952,29.330889,5.540838,19.92384544758277,21.96080360265827,0.00127,31.434,29.089,19.62682764297754,15.778795811518332,14.307589035204572,,0.3,-14.381270903010035,30.20184,49.4
UTLSOLAR.NS,Fujiyama Power Systems Limited,Technology,Solar,413.8,12699.594752,41.967545,9.651312,36.41823037037924,28.920814889256825,0.40802,17.076,8.649999999999999,125.27751783295864,-14.42363219071593,58.66737563011506,,0.0,-16.27718765806778,92.69334,49.3
EMAMILTD.NS,Emami Limited,Consumer Defensive,Household & Personal Products,373.5,16074.6176512,21.778425,5.575709,27.595427716945448,28.59037429088455,0.05541,17.65,19.117,14.945414726409979,-16.382564227444295,3.6642275690297765,,2.68,-33.30357142857143,-33.210862,49.3
SAMBHV.NS,Sambhv Steel Tubes Limited,Basic Materials,Steel,163.64,4822.0033024,28.80986,4.5746555,18.35452190777224,17.421737021889914,0.35435,11.291,6.371,31.066056362988668,66.87726964069557,37.073648039890664,,0.0,-4.694234129295283,37.650263,49.2
VINCOFE.NS,Vintage Coffee and Beverages Limited,Consumer Defensive,Beverages - Non-Alcoholic,177.79,2590.1942784,32.863216,4.5576663,16.554972673009313,15.377749229731716,0.21719000000000002,17.868000000000002,12.858,58.454447660599705,46.06657112347552,106.40737915298537,,0.08,-7.08649072380455,19.539082,49.2
BLEL.NS,Behari Lal Engineering Limited,Basic Materials,Steel,489.95,2072.61010559,30.299938,6.248725,23.60205581369873,28.483350693208948,0.05808,15.831000000000001,12.2770004,18.0,24.6,4.309650492528427,,0.0,-10.59306569343066,-6.819993,48.9
VAIBHAVGBL.NS,Vaibhav Global Limited,Consumer Cyclical,Luxury Goods,200.68,3365.455872,11.895672,2.0339737,17.754394115658997,15.324841565758799,0.25234,7.643999999999999,7.506,12.698978576741805,49.82660987088081,11.082859483109765,,2.95,-31.566922421142362,-8.562827,48.5
MAZDOCK.NS,Mazagon Dock Shipbuilders Limited,Industrials,Aerospace & Defense,2065.7,83326.205952,29.155964,8.541986,29.198135493219464,28.51678385688256,0.044809999999999996,14.191,20.120001000000002,12.077666353086357,21.51056065465,19.595335020024418,,0.88,-29.491074171416876,-28.531855,48.0
MARKSANS.NS,Marksans Pharma Limited,Healthcare,Drug Manufacturers - General,328.7,14895.4923008,28.808065,4.92715,15.223855150792303,17.537881560207953,0.11248,22.379999,16.292,35.61466413113781,169.50460414630385,16.726436981211677,,0.28,-6.339934463598807,98.463976,48.0
BBTC.NS,The Bombay Burmah Trading Corporation Limited,Consumer Defensive,Packaged Foods,1310.3,9142.2130176,7.0857673,1.2982446,19.61017001309007,34.76414309359838,0.16570000000000001,15.586,6.3829996,9.264734188768031,19.717490652264225,5.677773159429367,,1.27,-38.62763466042155,-30.33262,48.0
EIEL.NS,Enviro Infra Engineers Limited,Industrials,Engineering & Construction,180.22,3163.4016256,17.480116,2.5645695,16.428218201201517,18.354687411954615,0.34127,18.648,14.310998999999999,49.08816280245492,-4.93982747838706,48.99146999679185,,0.0,-30.055111387099288,-26.071757,47.8
RSYSTEMS.NS,R Systems International Limited,Technology,Information Technology Services,253.55,3004.465152,16.284521,2.7354033,17.333001,16.504690764922515,0.28615999999999997,14.920998999999998,8.5930005,30.23408330898347,-26.740844253434226,8.910360973336084,8.858611038401554,6.07,-41.832989217710484,-37.712663,47.7
LODHA.NS,Lodha Developers Limited,Real Estate,Real Estate - Development,1131.5,113062.1042688,27.463593,4.8538275,15.774894165286213,18.238297658274014,0.42238,37.088,22.692,43.10221382134776,103.36445827775309,20.39709807580783,,0.38,-15.8704784564482,-0.8519410999999999,47.1
PRICOLLTD.NS,Pricol Limited,Consumer Cyclical,Auto Parts,709.4,8646.27346812,32.289486,6.8900547,22.087964349250523,25.688478265511673,0.30215,8.3739996,6.303,23.462388624296416,34.33553818400481,27.714139799350114,,0.54,-13.803159173754565,44.857513999999995,47.1
STYLAMIND.NS,Stylam Industries Limited,Consumer Cyclical,"Furnishings, Fixtures & Appliances",3225.0,5469.192192,32.233883,6.838843,20.469412405108088,24.636073933365584,0.03605,19.733,14.475,15.365864690774478,70.34935748923843,5.852954604026284,,0.0,-22.289156626506024,79.722035,47.1
GLAXO.NS,GlaxoSmithKline Pharmaceuticals Limited,Healthcare,Drug Manufacturers - General,2750.7,46598.5175552,43.62728,20.551384,49.113543552826485,55.3586029285005,0.01467,29.801,27.008,16.551784095284216,15.691917467440607,5.676127654745189,,2.06,-11.856314288460922,1.4200449,47.0
ADOR.NS,Ador Welding Limited,Industrials,Specialty Industrial Machinery,1533.0,2667.851776,23.533928,4.8117065,15.44577586856583,20.25620634810871,0.00532,9.927,9.4799995,22.87960609911055,,13.662649622255941,,1.46,-13.213315217391308,55.12421,46.9
POWERMECH.NS,Power Mech Projects Limited,Industrials,Engineering & Construction,2453.9,7758.3212544,19.829494,3.0804863,15.560747363898503,20.280647426092628,0.25632,8.887999500000001,6.121,25.53482654378736,51.90403655750191,18.886043133900856,,0.06,-18.40731504571903,-9.133607000000001,46.8
COLPAL.NS,Colgate-Palmolive (India) Limited,Consumer Defensive,Household & Personal Products,1747.0,47515.8904832,35.257317,29.995535,81.59318840847386,107.36076580309637,0.02993,27.678000000000004,21.722999,11.960806397116786,7.005177468654478,4.8714506963204895,,2.77,-25.018241126228602,-22.155421999999998,46.7
HAL.NS,Hindustan Aeronautics Limited,Industrials,Aerospace & Defense,4644.9,310639.2768512,33.32544,7.5689774,23.981248765994064,13.798778352103266,0.0016,15.674,27.590999999999998,14.446120676238472,14.880363066116487,6.443681948723912,,0.43,-9.806015650789334,-5.0400376,46.1
SUPRIYA.NS,Supriya Lifescience Limited,Healthcare,Biotechnology,887.0,7138.824192,35.983772,5.9621835,19.058616272642475,22.343035913218014,0.00454,21.396999,22.736,30.79325034120517,-30.89106064961196,21.169596965609717,,0.11,-18.24884792626729,28.378379999999996,45.9
CAMS.NS,Computer Age Management Services Limited,Technology,Information Technology Services,682.65,16958.2821376,34.338535,12.815868,39.02206786282629,44.20713639016985,0.04863000000000001,40.046,31.785000000000004,11.542391838078526,17.34834838963979,15.98286321339284,,1.89,-19.20345603029945,-11.482161,45.9
NEWGEN.NS,Newgen Software Technologies Limited,Technology,Software - Infrastructure,461.5,6523.3821696,20.99636,3.6652873,18.25114330591925,20.6999616654069,0.02214,13.094,19.478,11.2355191524383,26.3482339312076,17.360365793962252,,1.31,-55.708047411104175,-48.29774,45.7
WAKEFIT.NS,Wakefit Innovations Limited,Consumer Cyclical,"Furnishings, Fixtures & Appliances",141.44,4690.7899904,24.054422,4.111867,22.897136874466682,8.943994809634017,0.24021,6.932,12.474,16.647701247108373,19.19861337683524,22.79090593347064,,0.0,-36.857142857142854,-27.255708000000002,45.4
INTERARCH.NS,Interarch Building Solutions Limited,Industrials,Engineering & Construction,1657.0,2786.5821184,20.798294,3.1545563,16.480470796038876,20.77753901207257,0.0199,7.696,6.798,20.713366348464678,-0.4683056778099215,19.240223322093986,,0.75,-40.02027075942952,-13.810754,45.1
HEXT.NS,Hexaware Technologies Limited,Technology,Information Technology Services,495.75,30230.4395264,22.740826,4.5041566,21.473,24.029319881530366,0.1018,13.739,9.318,17.925598797804156,-13.16135825217163,13.441858877897573,4.8668247575929495,2.91,-38.625812441968435,-29.649287,44.7
GRAVITA.NS,Gravita India Limited,Industrials,Metal Fabrication,1431.5,10426.6039296,26.602861,4.2510667,16.75535326459569,18.06710617546897,0.29934,9.678,8.3380006,41.84087543512125,14.078919150761315,14.895526026492135,,0.0,-25.193352842809357,-8.498508000000001,44.6
IKS.NS,Inventurus Knowledge Solutions Limited,Healthcare,Health Information Services,1766.4,29632.67584,39.525623,10.554431,31.44074092633221,29.56457111633138,0.26873,29.167998,22.817,20.745174605962745,27.848936577382723,45.76066992554253,,0.0,-10.335025380710661,14.739691999999998,44.4
TIIL.NS,Technocraft Industries (India) Limited,Industrials,Tools & Accessories,2826.2,6407.7860864,18.869007,3.1682577,15.037764113987759,19.09313969585328,0.40163,18.478,11.586001,27.1969559903263,68.37415667650255,12.19034106110264,,0.69,-20.730373320618188,29.877472,44.3
KFINTECH.NS,KFin Technologies Limited,Technology,Software - Application,849.45,14684.618752,43.14119,8.759384,22.312470138557096,18.888806269084178,0.03314,26.552999999999997,24.400999000000002,30.095089360646288,-2.6444205703043067,22.488488745269542,,1.44,-30.086419753086414,-21.694118,44.1
ZENSARTECH.NS,Zensar Technologies Limited,Technology,Information Technology Services,454.2,10301.2319232,13.461766,2.18957,17.626979792463136,20.918212222560047,0.0168,12.755999000000001,13.362001000000001,8.902527075812273,0.9890109890109855,5.465661783349707,,3.45,-44.74452554744526,-42.527288,44.0
TMCV.NS,Tata Motors Limited,Consumer Cyclical,Auto Manufacturers,415.7,153093.5640064,36.496925,12.021052,26.04547212790648,25.50907583156731,0.44095,6.851999999999999,4.809,19.683573755234995,83.24982104509664,,,0.96,-18.330058939096272,26.119291999999998,43.8
SONATSOFTW.NS,Sonata Software Limited,Technology,Information Technology Services,253.9,7027.8111232,15.194495,3.6898706,25.723916168361228,27.652512071202807,0.37962,4.340999999999999,4.205,10.586878368260955,-1.1249314066215432,12.756287441176472,,3.11,-36.60424469413234,-27.78567,43.3
TATAELXSI.NS,Tata Elxsi Limited,Technology,Software - Application,3076.9,19168.9506816,29.281498,6.302501,21.29799387925711,26.24630714479062,0.053360000000000005,18.971,16.74,14.461629069251414,18.169576712796555,6.113168057786389,,2.43,-48.28739495798319,-42.662214999999996,43.1
LGBBROSLTD.NS,L.G. Balakrishnan & Bros Limited,Consumer Cyclical,Auto Parts,1688.3,5385.1492352,16.889757,2.5000668,15.709209772609542,19.31947615834804,0.10719,9.140000500000001,9.908999999999999,21.569082548519127,0.07361560113186005,12.288806810034835,,1.29,-17.563476562500004,22.712278,43.1
SHAKTIPUMP.NS,Shakti Pumps (India) Limited,Industrials,Specialty Industrial Machinery,455.05,5615.2244224,26.471785,3.2923105,17.96409691322723,22.492187372175593,0.29625,8.767,7.222,37.93895582329316,-46.72105752349478,41.30312941192833,,0.22,-45.17139586722092,-44.384570000000004,43.1
WELCORP.NS,Welspun Corp Limited,Basic Materials,Steel,2502.8,65999.8244864,28.593626,7.21108,19.412959704614437,19.4605513484975,0.25042000000000003,13.911999999999999,13.347999999999999,14.912895714193208,198.63877632555221,19.548323425062453,,0.19,-13.69655172413793,205.64775000000003,42.9
EPACKPEB.NS,EPack Prefab Technologies Limited,Industrials,Engineering & Construction,254.36,2559.6504064,26.944916,3.47857,17.021927528933936,18.705233986370505,0.15606,7.6799995999999995,5.94,23.871404419948238,13.400099837763623,32.66801977067437,,0.0,-26.05813953488372,30.138160000000003,42.2
POWERICA.NS,Powerica Limited,Industrials,Specialty Industrial Machinery,587.5,7434.9232128,26.440145,3.2835352,16.70856662092727,17.367882757262556,0.28506,8.659001,8.852000499999999,26.66385231128936,28.138967899227964,,,0.0,-13.213679001403356,51.0641,42.2
AEGISLOG.NS,Aegis Logistics Limited,Energy,Oil & Gas Refining & Marketing,1380.6,48459.0583808,38.726505,8.003107,16.810158507154938,14.21951378833571,0.47243,28.032,13.949000999999999,37.0737636747489,268.9003959792872,-1.3300765894546873,,0.96,-9.687970170733307,68.60409,41.3
TCI.NS,Transport Corporation of India Limited,Industrials,Integrated Freight & Logistics,867.3,6663.5649024,14.596096,2.5939262,19.329477721491852,18.074864752796817,0.11991,7.9380006000000005,9.036,9.584832792065301,-0.7511737089201831,9.139549710814654,,1.14,-30.169082125603865,-27.476436,41.2
EMCURE.NS,Emcure Pharmaceuticals Limited,Healthcare,Drug Manufacturers - Specialty & Generic,1942.1,36843.7035008,36.403,7.437463,19.67517143599691,24.74555457314078,0.30567,15.443000000000001,10.4449995,22.84701483477796,42.05157692809478,15.404257344449345,,0.19,-7.5498643309373055,35.483873,41.0
GOPAL.NS,Gopal Snacks Limited,Consumer Defensive,Packaged Foods,250.6,3124.1504768,37.236256,6.5308037,16.671306827827387,20.61455620262796,0.32169,4.9390003,5.2210003,30.867554396747067,408.99366085578447,2.5363283377098256,,0.39,-31.22941822173435,-29.038996,40.9
TECHM.NS,Tech Mahindra Limited,Technology,Information Technology Services,1536.3,136104.4307968,26.561205,4.594089,16.887194635018755,19.81681525813047,0.07269,14.408999999999999,8.6780004,17.681556714003243,28.44993862879186,2.1581233101096498,,3.33,-17.135922330097088,6.510115,40.9
ADFFOODS.NS,ADF Foods Limited,Consumer Defensive,Packaged Foods,280.3,3079.4764288,33.488647,5.384379,16.893676047157737,19.19673906909202,0.09628,14.308000000000002,12.814999999999998,25.895948711117732,13.384235936188071,13.023876128397593,,0.43,-19.21026084450208,31.042194000000002,40.5
GARFIBRES.NS,Garware Technical Fibres Limited,Consumer Cyclical,Textile Manufacturing,771.75,7536.0108544,36.38614,5.6540947,15.306205151049024,19.265341485198256,0.03161,16.744,12.781999999999998,31.355312811625712,21.562170706006324,5.5631495371296635,,1.17,-10.615010423905492,2.4943351999999996,40.4
RAILTEL.NS,RailTel Corporation of India Limited,Communication Services,Telecom Services,252.8,8113.3232128,23.450836,3.587393,16.253999999999998,18.71585019815679,0.02817,10.985,8.096,20.093841169115766,-0.48411497730711517,29.81227652031613,-1.0561485910583839,1.26,-36.92614770459082,-33.160084,40.3
CARRARO.NS,Carraro India Limited,Consumer Cyclical,Auto Parts,522.6,2971.0610432,22.362001,5.26231,25.535422998838204,25.771579667932837,0.27433,5.968,5.757000000000001,10.499750469644532,7.796936181905623,9.654253661599155,,1.3,-21.713729308666007,11.949003,40.2
DODLA.NS,Dodla Dairy Limited,Consumer Defensive,Food Distribution,1007.8,6079.8365696,24.834892,3.6317508,17.337422902561695,15.867932372738805,0.03405,3.512,5.671,18.97663054813432,-35.358676634324794,13.629457741758856,,0.5,-28.014285714285712,-25.49789,40.0
LTTS.NS,L&T Technology Services Limited,Technology,Information Technology Services,3223.9,34201.1510784,26.26823,5.2795167,20.381272554908506,23.96977927288269,0.08911,15.689998999999998,11.684,11.47298578199052,12.955337345581253,7.645185527440046,,1.77,-31.783749471011426,-24.018788,39.8
KOVAI.NS,Kovai Medical Center and Hospital Limited,Healthcare,Medical Care Facilities,5967.5,6529.7948672,25.844522,4.949571,20.325700940893043,20.562899623495184,0.30528,21.38,15.601,15.341479259420066,20.724917781839668,18.244877750645337,,0.25,-7.394475481067664,132.60822000000002,39.8
AGI.NS,AGI Greenpac Limited,Consumer Cyclical,Packaging & Containers,782.0,5059.3349632,13.9692745,2.1020658,15.611702826045443,18.20140342696788,0.10125999999999999,16.576,13.108,14.194514731117124,11.817670230725952,5.478163264767466,,0.89,-12.737822909111197,-9.113896,39.3
STEELCAS.NS,Steelcast Limited,Basic Materials,Steel,352.65,3568.8177664,39.402233,9.034662,24.097535722370928,28.556971995582302,,22.996001,20.549999,16.997811323938116,19.261565388832437,-3.495404281066816,,0.51,-9.78511128165771,59.421265,39.3
KAJARIACER.NS,Kajaria Ceramics Limited,Industrials,Building Products & Equipment,1209.5,19006.4525312,35.272675,6.283215,16.70969651905706,20.95174362406127,0.07302,16.424999,10.7980005,20.434553929303377,55.49642136171775,3.342154665575525,,0.98,-6.515690214870917,1.6680479000000001,39.2
WABAG.NS,VA Tech Wabag Limited,Industrials,Engineering & Construction,1974.2,12337.0848256,30.593523,4.7892365,15.737830260810467,16.29039961789524,0.08874,8.7840006,9.636,20.81743869209809,36.93009118541033,9.877139916547396,,0.25,-14.86847779215179,43.576336,39.1
GRAUWEIL.NS,Grauer & Weil (India) Limited,Basic Materials,Specialty Chemicals,81.54,3697.117184,23.09915,3.42418,16.23283245933115,19.391244229860412,0.01343,13.994999,12.967,17.934138829661215,-8.713597798670026,7.9827093774929025,,0.61,-29.463667820069194,-29.238755,38.9
ELGIEQUIP.NS,Elgi Equipments Limited,Industrials,Specialty Industrial Machinery,586.05,18447.9318016,41.327686,8.265536,20.99816961561928,25.65543071161049,0.23885,12.295,10.803001,22.556824737510105,20.67757009345794,9.14816365262132,,0.46,-10.307621671258039,20.285976,38.7
MPHASIS.NS,Mphasis Limited,Technology,Information Technology Services,2258.8,43101.7590784,22.59704,3.8023288,17.743999,23.048222898796794,0.24675,14.783,11.5559995,17.456581921607818,10.82243045666431,4.793984494333259,0.9144017479265962,2.76,-24.073949579831922,-19.414103,38.5
HSCL.NS,Himadri Speciality Chemical Limited,Basic Materials,Specialty Chemicals,662.9,33448.2243584,41.63945,7.106104,17.828646505154904,20.975548826807728,0.16169,20.380000000000003,16.066,28.04192114746622,26.325059166712528,3.7402585863998805,,0.12,-19.10921293471629,45.610774,38.2
VIMTALABS.NS,Vimta Labs Limited,Healthcare,Diagnostics & Research,579.95,2592.3684352,32.839752,5.6702747,18.549731309851015,21.031396905607956,0.00729,22.703,18.913000999999998,11.797384281087275,11.368688472530962,8.935452201022077,,0.34,-25.138763392280882,-21.124387,37.1
ZYDUSLIFE.NS,Zydus Lifesciences Limited,Healthcare,Drug Manufacturers - Specialty & Generic,1132.8,112997.236736,25.24627,4.2043695,19.739740915900477,19.03844424399164,0.42304,16.438,15.784,20.643265811040678,-35.92855194982274,16.54811321293024,,0.09,-8.059410762113462,15.186250000000001,37.1
RPGLIFE.NS,RPG Life Sciences Limited,Healthcare,Drug Manufacturers - Specialty & Generic,2873.1,4751.8244864,39.716618,7.8497214,20.278550551114556,24.516669564805007,0.03304,19.107,16.292,15.847738574473125,17.002662609357166,11.305602687017613,,0.82,-8.143103779014016,30.114542999999998,36.7
THEJO.NS,Thejo Engineering Limited,Industrials,Specialty Industrial Machinery,2088.2,2265.1652096,40.453312,6.391229,15.105709608337726,16.947291660954598,0.10776,11.156,8.307,31.02270254320123,71.53907369091199,10.015249977340424,,0.24,-8.676637802851396,14.479935,36.5
IFBIND.NS,IFB Industries Limited,Consumer Cyclical,"Furnishings, Fixtures & Appliances",1187.9,4813.228032,30.005053,4.8381057,15.631107602689386,17.046545105566217,0.15671,3.5290000000000004,2.735,18.41352153088598,64.56422018348624,10.268177122965039,,0.0,-41.18724626200614,-30.80985,35.9
USHAMART.NS,Usha Martin Limited,Basic Materials,Steel,495.4,15079.9908864,28.373426,4.5721354,15.394933108240927,18.700532675807192,0.06922,16.892,13.215,16.435036463440756,40.67175269989101,4.0993359261298545,,0.76,-8.698857353483236,9.060669,35.4
AIAENG.NS,AIA Engineering Limited,Industrials,Specialty Industrial Machinery,3886.5,36268.9618005,28.642494,4.5184875,16.989416116200676,19.93933466089837,0.00128,23.876,27.836,12.400503229393145,-1.2820693555393503,-3.446490291120441,,0.42,-24.97104247104247,20.332265,35.2
TALBROAUTO.NS,Talbros Automotive Components Limited,Consumer Cyclical,Auto Parts,410.3,2532.7060992,22.630999,3.4103565,15.136783175504029,18.058349439915293,0.11266,12.839,12.413,15.307482622061519,35.22463102124669,10.58507224789642,,0.18,-15.541375051461504,43.364644000000006,34.9
IPCALAB.NS,Ipca Laboratories Limited,Healthcare,Drug Manufacturers - Specialty & Generic,1960.8,49746.3263232,37.97792,6.169084,15.202507816944284,16.378887159826935,0.08492000000000001,20.039,12.934999999999999,20.757086861424522,72.32965996312338,15.496104995789107,,0.31,-3.788027477919531,46.856105,34.4
EPIGRAL.NS,Epigral Limited,Basic Materials,Chemicals,991.0,4275.306496,15.807944,1.9245745,16.091770157732988,13.861418021525074,0.25751,19.323,10.321,16.29241270155306,-37.9301761155019,4.777663580291969,,0.51,-43.6835824288231,-43.3564,34.1
PFIZER.NS,Pfizer Limited,Healthcare,Drug Manufacturers - General,3836.1,17549.287424,23.87119,4.17552,17.159225729218996,22.94034090909091,0.01671,35.717999999999996,28.608,8.311085316308752,6.633637548891791,1.3167071860935575,,1.94,-31.234202742672768,-26.124245000000002,34.1
FINEORG.NS,Fine Organic Industries Limited,Basic Materials,Specialty Chemicals,5177.5,15874.2020096,36.748528,5.9576135,16.81833718698618,19.970697560385325,0.03464,23.356001000000003,17.726,17.979876950270235,17.977624049876173,-8.164288555679299,,0.21,-4.244497873127429,10.230303000000001,34.1
HINDUNILVR.NS,Hindustan Unilever Limited,Consumer Defensive,Household & Personal Products,1834.3,430985.5502336,41.127804,8.842728,30.650091705726513,22.15161285298195,0.03016,20.724999999999998,22.644000000000002,10.302330059695741,-3.0116110304789556,2.3052897580990495,,2.4,-31.227504499100178,-27.767723999999998,33.9
HAVELLS.NS,Havells India Limited,Industrials,Electrical Equipment & Parts,1050.0,65893.9772928,40.369087,6.965498,19.017214439746084,22.109859440458276,0.02801,5.302,6.923,19.482526327366713,-16.490279535258257,9.868224085239286,,1.15,-30.92105263157895,-30.56019,33.7
CARYSIL.NS,Carysil Limited,Consumer Cyclical,"Furnishings, Fixtures & Appliances",1031.4,2933.5703552,27.474693,4.825647,17.303269805186222,21.905951506245408,0.45990000000000003,16.339001,11.135,15.485263668003002,37.73006134969326,15.937358899376752,,0.29,-19.478491685533605,20.036769,33.5
WIPRO.NS,Wipro Limited,Technology,Information Technology Services,162.59,160857.391104,12.914217,2.0759704,16.128999,17.847012391366395,0.27398,15.698,13.919,10.58975540556415,0.6485707422531739,0.7808818557295538,6.745610287925512,5.02,-40.465031124130356,-34.188247,33.1
BRITANNIA.NS,Britannia Industries Limited,Consumer Defensive,Packaged Foods,4766.5,114809.8707456,44.08935,22.482855,53.549250286400316,61.21326741054944,0.26875,15.212,13.376,9.471295696008264,13.563911507143956,5.664762519359567,,1.89,-23.9913889331845,-20.512396,32.8
JSL.NS,Jindal Stainless Limited,Basic Materials,Steel,737.55,60770.418688,18.733809,13.501565,17.508227926869452,17.8014806119783,0.37523,9.104,7.379,10.496573966850665,7.729360367424665,6.390261278578158,,0.55,-16.56674208144797,-3.7187934,32.3
KPITTECH.NS,KPIT Technologies Limited,Technology,Software - Application,493.9,13445.3026816,23.209585,3.7971275,19.75304777416021,21.26745638014242,0.23623999999999998,12.2530006,8.839,8.853421681469698,-31.833227651120723,24.25118626743592,,1.52,-61.56121098918204,-57.4652,31.3
RITES.NS,RITES Limited,Industrials,Engineering & Construction,204.41,9824.0217088,23.576702,3.6698384,15.419655390790751,18.680102176932913,0.0023599999999999997,18.431,16.983,8.669906480989908,8.87640449438203,-2.547803540422866,,5.25,-21.289949942241048,-16.866416,30.9
PARKHOSPS.NS,Park Medi World Limited,Healthcare,Medical Care Facilities,269.35,11634.0588544,40.996956,5.3033137,16.793344339354118,17.902434411675088,0.17306999999999997,22.545,16.093999,19.271646880367065,42.2951554766052,9.640208314382793,,0.0,-11.68852459016393,83.034813,30.9
ENDURANCE.NS,Endurance Technologies Limited,Consumer Cyclical,Auto Parts,2528.5,35566.600192,36.6715,5.199177,15.156753778199636,16.295830151214297,0.19393000000000002,7.2749999999999995,6.22,30.010033475047383,8.027391208305712,18.233533922890686,,0.44,-17.692057291666664,-9.450382,29.6
MAPMYINDIA.NS,C. E. Info Systems Limited,Technology,Software - Infrastructure,855.6,4685.3558272,34.224,5.1774845,15.6478533188705,20.67553624762422,0.0077800000000000005,33.617002,28.000000000000004,14.891867445111417,7.937540663630438,18.98286551014334,,0.41,-57.17717717717717,-49.82499,29.1
ALKEM.NS,Alkem Laboratories Limited,Healthcare,Drug Manufacturers - Specialty & Generic,5167.5,61785.21088,28.638329,4.470678,17.839974237520913,18.563144061597477,0.14267,17.803,14.306,10.946148780531217,-21.723421551802,8.300903470575015,,0.38,-12.909749726131292,-4.9872577,28.4
COROMANDEL.NS,Coromandel International Limited,Basic Materials,Agricultural Inputs,1770.7,52154.3876608,28.509096,4.152469,16.545488993356937,20.924932985420277,0.11469,6.771999600000001,5.619,15.938968802805897,-24.591592245698102,10.230599544884523,,0.62,-29.143657462985196,-24.969155,28.4
VBL.NS,Varun Beverages Limited,Consumer Defensive,Beverages - Non-Alcoholic,432.3,146225.2470272,43.23,6.716279,16.853,19.440705319025533,0.15869,24.119,14.035,20.43302256642836,15.472231333673502,17.263393646614755,0.0883520466038045,0.47,-22.22022310183518,-3.1096935,28.2
SIRCA.NS,Sirca Paints India Limited,Basic Materials,Specialty Chemicals,403.5,2297.2401664,33.793972,4.823209,15.768097046755788,17.86458393051863,0.06802,16.552,13.186,13.80454079113691,14.086787564766844,22.52401951703029,,0.5,-25.139146567717997,-19.066817,26.7
DABUR.NS,Dabur India Limited,Consumer Defensive,Household & Personal Products,376.15,66727.3920512,33.887386,5.8423805,17.056814494552484,20.798426250507525,0.10907,16.476,14.551,10.568410787821115,14.97733066101068,4.506554737175894,,2.2,-29.559925093632966,-24.141078999999998,26.6
NRBBEARING.NS,NRB Bearings Limited,Consumer Cyclical,Auto Parts,536.55,5200.381952,35.276134,5.4022894,15.179710761378137,20.26662132970638,0.15653,12.262,10.576,19.184002580228988,14.802119040199436,8.246734810367883,,1.47,-4.170387569208788,91.157305,26.1
BERGEPAINT.NS,Berger Paints India Limited,Basic Materials,Specialty Chemicals,460.6,53706.0900864,44.118774,7.7653213,17.243268305297676,20.632647122426043,0.09165,14.074,9.9209994,11.96559567102813,28.512856370975427,4.217895547484041,,0.88,-22.529644268774696,-14.994365000000002,25.9
CAMPUS.NS,Campus Activewear Limited,Consumer Cyclical,Footwear & Accessories,205.36,6277.4386688,40.746033,6.92497,18.053116505087928,20.665139498589955,0.26059,8.3229996,8.482000000000001,12.214874588516334,17.747747747747745,6.126859158030551,,0.73,-28.644892286309933,-25.477916,24.4
GALLANTT.NS,Gallantt Ispat Limited,Basic Materials,Steel,526.45,12702.2358528,29.247223,3.8309007,15.72607431535506,17.9200108183693,0.16515000000000002,13.527000000000001,9.7849995,12.374029457755498,5.608757482327009,2.1797966872189045,,0.38,-44.46729957805907,-20.362025,24.0
CLEAN.NS,Clean Science and Technology Limited,Basic Materials,Specialty Chemicals,794.6,8445.3359616,36.266544,5.3349986,15.309379048705965,19.16552352138614,0.00135,28.083000000000002,23.719,10.525427287961818,4.691491942965609,0.5608507397348861,,0.75,-27.62546680025504,-24.815094,23.2
KIRLOSBROS.NS,Kirloskar Brothers Limited,Industrials,Specialty Industrial Machinery,1746.0,13864.7994368,37.133133,5.6268854,16.398493961804725,17.444356927716317,0.10101,8.001000399999999,8.009,12.86006128702757,-0.14992503748125774,6.8626172278036135,,0.4,-20.244838297094823,-11.901915,22.1
TARIL.NS,Transformers and Rectifiers (India) Limited,Industrials,Electrical Equipment & Parts,287.65,8634.269696,33.370068,5.5767736,19.111885382179878,24.361156346806087,0.29595,15.116999999999999,10.132,8.125366028753334,-8.656273199703046,21.46722753899568,,0.09,-42.607741420590585,-43.163645,22.1
JASH.NS,Jash Engineering Limited,Industrials,Specialty Industrial Machinery,599.75,3772.7346688,44.066864,7.2702255,16.003222419976485,17.219906792452896,0.19563,1.656,11.356,17.450380219793992,,22.55807915071133,,0.28,-3.172424927349049,22.617018,21.8
KPRMILL.NS,K.P.R. Mill Limited,Consumer Cyclical,Textile Manufacturing,1058.2,36245.7366528,39.647804,6.3484254,16.196867172604584,20.02164796863087,0.10462999999999999,16.448,13.378,9.9555265654649,21.55148095909731,2.2822347640103935,,0.47,-20.67466266866567,0.55394173,20.7
SAFARI.NS,Safari Industries (India) Limited,Consumer Cyclical,Footwear & Accessories,1319.5,6465.343488,39.18919,5.799694,16.223116199907164,18.621386397701205,0.10456,9.5790006,7.829,11.509387492184974,-5.42681719152307,19.070925203029265,,0.29,-47.3694707032029,-37.035346000000004,18.2
VENUSPIPES.NS,Venus Pipes and Tubes Limited,Basic Materials,Steel,2209.5,4577.224704,43.9789,6.807028,16.994247303449534,22.398709508788205,0.42948000000000003,13.819999999999999,8.5559994,15.962650227557207,6.638669035696987,26.826365453733935,,0.05,-5.89462924315346,69.269156,17.7
GODREJCP.NS,Godrej Consumer Products Limited,Consumer Defensive,Household & Personal Products,837.85,85750.7692544,44.78087,6.778228,15.098996750195786,21.303467822069187,0.34899,17.186001,12.086,18.56454183491303,11.508453972814682,4.5882778750438336,,2.38,-34.22953136038935,-26.803762,15.3
